Building,Utility,Unit,Meter no.,Date,00:30,01:00,01:30,02:00,02:30,03:00,03:30,04:00,04:30,05:00,05:30,06:00,06:30,07:00,07:30,08:00,08:30,09:00,09:30,10:00,10:30,11:00,11:30,12:00,12:30,13:00,13:30,14:00,14:30,15:00,15:30,16:00,16:30,17:00,17:30,18:00,18:30,19:00,19:30,20:00,20:30,21:00,21:30,22:00,22:30,23:00,23:30,24:00:00
Building 5,Electricity,KWh,Meter 1,10/03/2013,24.2,26,30.8,31.8,31.5,30.4,30.4,30.1,26.2,26.7,26.8,26.6,26.5,27.9,29.6,43.8,45.6,47.2,50.1,51.9,51.4,51.5,53.8,55.9,57,56.7,54.2,53.9,55.8,55.6,53.8,50.2,49.2,48.9,47.3,46.2,31.5,24.2,23.7,23.4,23.6,23.2,22.9,24.2,25.7,25.7,26.5,24.7
Building 5,Electricity,KWh,Meter 1,11/03/2013,26,26.7,31.8,31.6,31.4,31.2,31.8,31,26.4,26.3,27.1,27.2,27,27.8,32.1,40.9,43.5,47.5,51.5,51.2,50.1,50.8,55.7,53.6,54.8,53,51.3,50.2,50.1,51.2,47.7,45.3,44.1,41,37.5,28.5,26.8,25.6,25.8,24.4,23.5,24.7,25.1,24.5,26.1,26.8,26.9,26.3
Building 5,Electricity,KWh,Meter 1,12/03/2013,26.8,26.7,26.9,26.4,26.6,26.6,27.1,26.9,26.6,27,29.6,29.4,29.4,29.1,33.4,45.7,52,56.8,61.1,67.6,67.7,67.5,70.1,72.7,77.2,76.8,75.2,81.2,76.3,69.7,66.4,67.8,62.2,59.8,47.1,38.1,26,26.4,25.5,24.5,24.8,24.9,23.9,23.2,23.4,24.4,25.4,23.4
Building 5,Electricity,KWh,Meter 1,13/03/2013,25.5,26.9,30.7,32.3,31.9,31.5,32,32.9,28.9,27.2,27.2,27.3,27.9,31.9,36.1,44.2,50,55.2,59.9,65.7,71.4,71.5,72.7,72.4,70.4,72.2,71.9,71.8,72.4,72.6,66.8,62.2,61.8,59.2,52.1,45.5,35.9,27.7,24.8,22.8,23.3,23.4,23.6,23.2,23.4,23.7,25.4,25.2
Building 5,Electricity,KWh,Meter 1,14/03/2013,25,25.9,26.2,26.9,31.4,30.6,31.1,31.9,31.9,31.3,27.9,26.7,27,34.6,33.7,47.3,51.8,55.3,53.1,58.3,61.1,60.1,67.3,63.8,66.4,65.6,66.8,65,64.4,62.4,63.7,61,56.4,53.7,48.4,42.5,37.5,29.8,28.4,27.8,27.8,27.9,28,27.7,27.8,27.6,29.3,28
Building 5,Electricity,KWh,Meter 1,15/03/2013,30.4,30.7,31.2,30.8,30.5,30.6,32,31.1,31.2,31.9,33.4,33.2,32.2,36.7,38.4,49.6,51.5,53.7,54.6,55.8,56.6,62,62.3,63.3,65.8,66,63.5,62,61.7,59.7,56.6,55.2,54.4,54.1,50.9,48.9,45.4,45.5,45.8,44,42.3,39.3,40.2,39.3,37.1,33.3,36.6,33.7
Building 5,Electricity,KWh,Meter 1,16/03/2013,37.6,38.8,39.8,39.5,31.1,29.4,30.6,30.5,28.6,24.6,25.7,25.4,26.6,27.5,28.2,43.5,45.2,50,54.2,54.6,55,59.4,61.6,57.4,57.7,57.6,60.2,58,60.4,61.2,60.7,58.7,55.1,53,50.3,46.7,31.4,22.3,22.2,21.7,21.7,21.6,22.1,21.8,22.1,22,23.9,22.9
Building 5,Electricity,KWh,Meter 1,17/03/2013,25.5,25.1,29.4,29.8,30.7,30.6,30.8,29.6,24.8,25.3,26.6,26.7,25.8,26.4,28.6,48.9,47.6,50.6,54.3,56.1,56.1,56.5,57.3,60.1,60.1,61,59.1,57.4,58.4,57.7,56.5,55.3,54.5,51.6,49.8,47.4,35.1,22.7,22.1,21.7,21.6,21.2,22.3,21.8,21.5,22.8,23.9,24
Building 5,Electricity,KWh,Meter 1,18/03/2013,24.2,24.8,29,30.9,30.7,30.2,30.5,30.6,27.6,26.3,27.4,25.8,26,27.5,33.7,42,42,43.8,44.7,44.1,45.5,49.5,49.7,51.6,50,51.4,51.2,46.8,44,44.5,42.8,43.3,40.9,37.2,38.1,34,24.1,22.6,22.9,22.7,22.4,22.3,22.9,23.3,24,22.9,23.8,22.8
Building 5,Electricity,KWh,Meter 1,19/03/2013,25.2,25.9,26.2,25.4,25.7,25.7,26,26.6,26.4,27.1,27.7,27.6,27.7,32.4,35.2,47.7,53.7,52.9,55.2,62.5,69.5,71.4,72.2,69.6,70,71.9,70.4,70,68.6,66.4,58.3,59.2,58.4,56.9,52.4,50.1,46.1,41.1,37.1,34.4,36.4,26.6,23.7,23.2,22.9,23.6,25.2,23.6
Building 5,Electricity,KWh,Meter 1,20/03/2013,25,26.6,26.7,27.8,31.8,31.7,31.5,31.9,32,30.6,27.9,32.3,38.1,42.9,53.9,56.1,57.8,62.4,65.7,65.9,70.9,72.3,74.7,71.9,71.6,70.7,73.6,73.6,75.1,73.7,70.6,63.5,60.7,58.2,50.1,42.9,38.1,35.7,35.6,36.3,35.5,32.8,28.5,24.5,24.8,24.3,24.7,26
Building 5,Electricity,KWh,Meter 1,21/03/2013,27.4,27.6,28,28.4,32,33.4,34,34.2,32.9,31,31.2,31.5,32.3,34.2,52.9,52.1,55.2,58.6,63.5,66.5,66.8,65.7,68.7,68.5,69.7,71.6,72.3,70.5,68.7,66.4,65.6,63.7,57.2,53.8,44.1,37.6,34.1,30.9,30.7,31.1,24.5,23.4,24.5,25.2,25.1,24.3,23.9,23.7
Building 5,Electricity,KWh,Meter 1,22/03/2013,24.7,26,29,30.5,30.2,30.9,31.5,30.4,27.3,26.5,27.4,26.8,25.9,25.9,28.3,46.5,44.7,44.5,46.5,55.1,58.4,58,57.3,60.5,60.5,59.4,58.8,58.7,58.7,60,60.9,61.5,56.1,55.7,51.6,44.7,32.6,30.1,28.9,27.9,27.7,27.7,28.9,28.8,27.8,27.8,28.9,31.2
Building 5,Electricity,KWh,Meter 1,23/03/2013,32,32.2,30.9,30.1,30.6,32.5,32,30.8,30.7,31.1,35.3,35.4,35.1,34.5,36.7,51,59,62.3,62.9,66.4,63,64.3,66.5,67.8,71,72,69.1,68.5,70.3,69.5,70.9,65.8,64.4,61.7,60.4,56.5,39.1,27.5,25.4,25.1,25,24.9,24.3,24.7,26.1,25.7,25.4,23.4
Building 5,Electricity,KWh,Meter 1,24/03/2013,24.6,26.6,30.2,31.3,30.1,29.4,30.9,30.9,26.6,26.1,25.9,32.6,32.5,31.9,34.9,46.6,47,48.4,53.2,57.8,54.8,58,62.4,66.4,64.6,63.2,60.3,59.9,63.1,63,59.9,59.2,58.2,55.3,53.4,50.6,32.9,24.9,24.8,25.1,26,25.9,25.1,24.5,25.2,25.4,25.9,25.8
Building 5,Electricity,KWh,Meter 1,25/03/2013,25.5,25.4,31.5,30.7,30.8,30.5,31.6,30.1,25.6,26.6,27.3,30.3,28.2,26.9,41.4,41.6,46,48.9,57.4,60.8,65.8,65.9,67.6,67,70.1,71.5,72.9,71.6,70.5,67.5,64,62.9,59.9,56,45.4,38,29.1,25.4,25.1,24.9,25.1,24.8,24.2,23.9,24.8,25.7,25.5,24.9
Building 5,Electricity,KWh,Meter 1,26/03/2013,25.2,25.5,29.4,30.5,30.9,31.2,30.8,30.9,27.5,27.2,26.9,28.9,27.7,28.9,44.4,43.9,49.4,54.9,58.3,66.8,71.7,76.5,77.5,77.4,78.8,79.2,79.5,73.5,70.2,70,65.4,63.4,63.2,59.7,46,36.5,26.2,25.4,24.9,24.4,24.7,25.4,25.6,24,23.7,24,25,26.3
Building 5,Electricity,KWh,Meter 1,27/03/2013,24.9,24.7,29.6,30.7,30,29.4,31,31.6,27.1,26.1,26.7,25.6,25,28,30.4,44.2,46.3,49.7,54.6,65,66.7,67.7,69.5,70.2,71.2,72.6,73.9,69.8,71.5,78.2,74.7,72.4,73.4,66.6,61.4,53,44.5,35.6,34.2,31.3,32.8,32.6,31.8,32.5,30.6,36.5,33,33.7
Building 5,Electricity,KWh,Meter 1,28/03/2013,32.7,34.6,37.2,38,39.2,39.8,41.3,38.7,35.4,34.5,33.2,32.3,33.4,37.8,48,52,53,55,56.3,67.1,67.9,70.7,73.4,75.6,74.5,75.7,72.3,74.2,74,74.3,68,63.4,62.1,59.7,46.2,38.3,32.2,28.9,28.9,28.9,30.3,29.2,29.4,28.9,30.9,30.3,30.4,30.8
Building 5,Electricity,KWh,Meter 1,29/03/2013,30.4,29.4,32.6,35.2,37.1,36.3,34.4,35.7,32,31.1,29.1,30.7,33.5,39.3,46.1,53.2,50.4,49.7,55.8,62.2,62.6,61.8,63.9,65,70.6,69.6,65.7,67.5,68.6,67.9,60.6,67.8,66.3,60.6,49,35.7,30.8,29.9,29.8,28.5,28.5,27.9,30.4,29,29.7,30.9,31.9,29.7
Building 5,Electricity,KWh,Meter 1,30/03/2013,32.2,30.1,32.7,35.5,36.4,36.7,37,35.3,31,29.4,30.9,34.5,39.2,35.5,39.1,52,54.7,56,62,63.4,65.1,67.8,68.6,70,70.4,73.6,69.9,68.8,77.8,73.7,72.1,71.4,68.2,68.7,66.2,62.8,44.5,31,31.8,29.9,31.1,30.6,29.8,29.5,29.5,29.7,31.7,30.9
Building 5,Electricity,KWh,Meter 1,31/03/2013,30,29,30.6,31.5,28.2,31.3,30.5,29.2,30.4,29.3,30.4,32.8,32.7,49,55.6,56.9,55.7,59.2,63.4,62.7,64.2,68,68.4,70.4,70.6,72.1,68.2,70.9,70.7,69,67.3,67.3,67.5,62.8,43.3,32.9,31.7,31,28.5,28.6,28.4,28.1,28.4,28.8,28.9,29.9,30.6,30
Building 5,Electricity,KWh,Meter 1,01/04/2013,34,36.3,35.4,35,37.2,36.5,31.5,29.6,29,30.9,34.5,36.5,43,47.5,49.3,53.4,52.4,62.4,63.7,64.2,67.6,68.2,68.6,68.6,70.6,72.3,72.2,74,71.8,67.3,73,63.5,62.5,58.8,43.8,31.8,30.1,29.3,32.7,31.2,35.9,32.3,35.3,35.2,31,31.5,31.5,32.6
Building 5,Electricity,KWh,Meter 1,02/04/2013,31.8,30.8,35.5,36.4,36.7,35.2,37.1,35.1,31.9,31.9,30.8,36.2,43.2,49.4,49.1,55.1,58.3,64.3,65.7,66.1,72.2,75.5,75.9,75.6,73.3,77.2,76.1,71.7,72.2,69.5,72.1,68.5,52.6,45.2,36.3,31.9,34.7,32.7,32.5,32.8,31.7,30.9,29.2,28.1,27.9,27.4,27.8,28.2
Building 5,Electricity,KWh,Meter 1,03/04/2013,31.3,33.9,34.3,32.1,33.4,34.3,30.1,27.8,29,27.8,33.8,34.1,42.2,54,56.9,55.4,69,72.6,72.9,75.4,73.7,72.4,73.7,72.7,74.5,74.6,76.3,78,77.5,78.1,73.7,68.4,56.5,47.9,40.5,39.8,38,38.7,36.6,35.4,37.4,36.5,35.8,33.8,33.1,35.7,34.1,33.8
Building 5,Electricity,KWh,Meter 1,04/04/2013,33.7,35.6,34.8,33,33.6,34.5,34.9,34.4,34.2,33.7,34.5,36.5,46.8,51.1,46.6,49.7,55.7,56.7,67.8,69.2,67.7,69.9,75.1,76.8,76,76.9,74.8,75.9,75.8,73,69.2,61,48.9,44.2,33.9,31.2,31.1,32,32.8,31.1,31.5,30.4,30.1,30.7,32.1,32.6,31.7,31.9
Building 5,Electricity,KWh,Meter 1,05/04/2013,35,38.1,35.1,35.7,36.9,36.9,32.4,30.2,30.9,37.8,33.2,34.6,48.8,51,53.7,54.8,62.3,70,72.2,76.1,73,74.1,76.4,75.7,73.7,76.8,73.8,75.5,72.1,71,68.5,60.9,54.3,42.3,34.5,31.6,30.9,29.9,29.5,29.1,28,28.3,27.7,27.3,26.3,27.2,27.1,25.7
Building 5,Electricity,KWh,Meter 1,06/04/2013,30.2,33.3,31.7,32.1,31.4,31,27.1,29.6,26.6,26.4,29.2,30.4,36,47.4,46.6,48,53.8,56.6,58.7,58.7,57.5,59,62.5,60.7,60.4,62.9,67,71.7,69.6,67.8,66.8,63.8,64.8,63.9,49.9,47.8,50.5,45.8,45,45.7,45.3,41.7,41.9,41.5,41.4,38.2,39.7,37.4
Building 5,Electricity,KWh,Meter 1,07/04/2013,44.4,41.6,34.5,31.2,32.6,31.1,27.8,26.5,26.4,29.1,30.5,28.9,34.1,47.6,46.5,50.2,54.6,54.7,52.2,56.4,57.9,57.8,59.6,61.8,61,62.5,59.1,59.6,59.2,55.8,56.9,51.3,54.8,48.6,39.2,31.7,30.2,34.3,33.1,29.4,30.2,31.8,32.4,30.2,31.2,32.5,34.2,29
Building 5,Electricity,KWh,Meter 1,09/04/2013,31.6,31.4,30.7,29.9,29.8,30.2,35.3,31.2,31.8,39.5,37.7,34.2,44.6,48,48.9,52.5,55.5,57.9,55.2,56.1,60.3,63.3,67.8,62.6,61.7,63.7,62.1,61,59.9,65.3,63.6,52.8,48,44.7,37.9,34.2,31.4,30.3,30,28.9,29.8,29.6,30.4,27.9,28.4,27.8,32.1,32.9
Building 5,Electricity,KWh,Meter 1,10/04/2013,30.5,31.7,30.3,30,32.4,30,33.1,33.4,30.7,30.1,34.2,33.2,46.7,48.2,53.6,58.9,59.6,61.4,60,61.2,67.8,66.9,72.2,73,74.3,76,70.9,67,70.6,65.5,62.8,58.3,47,40.8,29.3,23.3,23.9,23.4,23.2,23.9,23.5,23.6,22.9,22.7,23.4,23.2,26,26
Building 5,Electricity,KWh,Meter 1,11/04/2013,28.5,33.3,31.5,30.9,33.7,31.6,28.8,27.5,28.5,26.4,31.9,28.8,41.5,50.1,52.2,54.7,60.9,59.5,61.3,59.7,61.2,62.9,61.8,69.1,77.6,64,60.7,61.8,65.9,65,68.8,71.3,54.2,39.2,33.2,28.1,25.9,23.4,24.5,25,23.3,25.3,24.6,22.1,22.9,23.2,24.6,26.6
Building 5,Electricity,KWh,Meter 1,12/04/2013,28.2,34.7,30,33.2,37.8,35.2,32.2,27.7,26.8,27.5,31.6,33.6,41.9,45.7,51.5,56.9,58.3,57.4,60.2,61.6,61.9,60.7,60.5,61.7,57.7,58.9,58.1,54.9,51.7,51.5,54.8,51.6,46.2,41.9,39.5,37.6,33.4,25.6,25.6,27,26.2,24.6,26.2,26.1,26.9,27.2,30.4,31.2
Building 5,Electricity,KWh,Meter 1,13/04/2013,31.1,31.7,35.3,35.9,35.8,38.5,39.1,36.5,33.2,33.2,33,34.4,42.1,54.8,54.9,62.8,64.6,60.3,60.6,60.2,62.1,58.8,60.1,59.7,58.6,58.9,59.8,61.3,61.3,61.5,59.9,61.1,59.4,53.1,36.7,26,23.3,22.4,23.6,24.1,22.8,22.8,22.7,22.6,22.7,25.5,27.1,31.8
Building 5,Electricity,KWh,Meter 1,14/04/2013,33,32.9,33.5,33.4,33.4,33.1,28.2,27.2,28.7,28.2,28.7,28.5,28.7,43.6,47.5,49.7,55.6,56.1,56.4,57.1,58.4,58.6,59.6,57.8,58.2,57.3,57.9,57,55.5,53.6,52.8,51.5,52,51,36.3,23.5,22.8,22,22.6,23,22.5,22.3,22.4,22.1,21.7,21.6,23.9,24.8
Building 5,Electricity,KWh,Meter 1,15/04/2013,29,30.1,29.9,29.4,30.1,29.5,24.3,24.2,25.1,31.9,29,29.4,37.2,37.7,40.1,43.3,44.7,45.9,46.8,47.7,48.8,55.4,54.7,55.3,53.6,53.7,53.1,52.8,47.5,42.7,42.4,40.3,38.5,37,33.6,33,31.6,22.4,22.9,23.5,22.9,22.6,22.7,22.5,22.3,22.3,24.1,25.2
Building 5,Electricity,KWh,Meter 1,16/04/2013,27,30.1,29.7,30,30.7,30.4,27.4,24.6,25.7,29.1,28,31.1,40.7,41.5,51.2,54.5,60.8,62.6,62.2,60.5,65.4,72.3,74.5,66.5,69.8,71.1,72.5,76.9,75.5,75.2,72.8,68.4,61.8,57.4,52.4,46.6,42.9,38.9,36.2,34.9,32.1,32.2,29.8,28.7,28,28.1,29.9,28.8
Building 5,Electricity,KWh,Meter 1,17/04/2013,28.2,31.4,31.2,31,32.9,33.4,30.8,26.7,26.3,26.3,32.2,31.3,32.5,43.1,47.2,52,53.2,53.3,60.6,63.9,69.9,69.8,68.7,65.6,66.4,68.1,67.8,66,66.5,66,61.3,59.9,47.6,47.2,42.9,39.5,39.8,40.8,40.9,43.1,41,41.6,39.5,35,29.3,29.6,32.5,32.2
Building 5,Electricity,KWh,Meter 1,18/04/2013,34.1,37.3,37.5,37.9,37.8,37.2,34.2,32.4,31.9,38,46.9,52.7,54.1,62.9,66.1,65.1,70.5,72.7,73.7,74.6,74.4,76.4,75,70.8,74,77.1,77.1,77.4,72.3,70.2,68.4,70.2,60.3,52.1,48.5,44.1,43.1,44,39.1,37,35.3,30.2,28.4,27.7,26.2,26.7,29.1,29.8
Building 5,Electricity,KWh,Meter 1,19/04/2013,31.2,34.3,34.1,33.9,34.2,33.7,31.3,29,36.7,34.3,34,37.2,46.1,47.3,47.6,52.4,58.6,66.5,68.8,68.4,73.7,77.7,78.4,74.5,84.1,79.1,73.7,83.1,87.3,82.1,85.7,78.3,65.1,58.2,56,54.2,47,47.9,49.1,49.6,49.1,46.7,38.3,37,35.6,35.4,37,37.1
Building 5,Electricity,KWh,Meter 1,20/04/2013,39.6,40.6,44.5,44.1,43.9,43.9,44.1,43.7,40,39.9,41.7,46.2,44.8,54.6,61.7,66.5,72,70.6,71.4,77.4,76.5,75,78.3,86.3,89.4,89,87.7,84,83.8,81.5,80.7,79.9,79.2,80,68.7,62.5,58,58.5,58.9,54.4,56.8,56.6,57.9,57,55.3,49.3,51.4,51.7
Building 5,Electricity,KWh,Meter 1,21/04/2013,55.3,52,52.2,51.3,50.8,50.5,45.1,45,44.8,45,45.6,46.9,45.8,53.1,55.8,60.2,63.9,72.2,74.3,74.2,75.5,74.8,73.9,74.3,75.3,75.7,77.4,76.8,77.5,71.7,68.8,64.9,63.6,60,43.6,35.2,32.9,32.1,32,32.3,31.8,31.3,31.2,32.6,32.2,31.6,33.1,33.5
Building 5,Electricity,KWh,Meter 1,22/04/2013,34.4,35,40.1,39.4,40.6,40.1,40.2,39.7,34.8,35.5,38.8,37.4,36.3,36.6,38.5,40.4,47.8,51.6,52.2,53.8,55.7,54.8,51.1,50.3,50.7,49.5,47.1,46.3,42.5,36.2,35.4,34.5,34.5,33.1,29,28,27.4,27,27,27.4,27.2,27.7,28.3,28.8,28.2,27.5,29.5,29.7
Building 5,Electricity,KWh,Meter 1,23/04/2013,29.4,29.7,31.4,31,32.1,32.6,31.2,32.6,31.5,31.5,32.7,33.3,36.9,47.1,59.2,62.9,68.1,71.7,72.3,74.1,78.1,78.7,79.3,75.9,75.3,74.8,72.5,70.6,72.4,72,71.8,73.4,65.2,63.4,56.7,55.7,56,55.6,54.1,50.8,38.2,40.2,38,33.9,35.4,34.7,36.1,38.2
Building 5,Electricity,KWh,Meter 1,24/04/2013,37.5,35.9,42.8,42.7,42.8,44.4,42.7,41.2,36.6,35.8,37.1,39.6,46.1,50.9,55,58.3,65,68.3,71.4,72.6,73,71.9,73,71.4,71.9,71.1,70.4,68,66.5,64.8,64.4,63.9,52.3,44.4,40.7,36.5,29.6,29,28,27.9,27.7,27.4,26.9,27.1,27,27,28.8,29.4
Building 5,Electricity,KWh,Meter 1,25/04/2013,32,33.9,34.1,34.3,35.7,35,29.8,27.1,26.8,26.5,27.3,31.5,33.3,49.1,55,57.7,56,63.2,61.3,66,67.7,65.5,63.3,64,62.9,65.8,63.5,62.7,62,67.5,67,62.9,51.4,44.7,39.7,32.1,29.6,28.1,27.6,27.8,27.1,26.9,28.1,27.8,27.9,28.1,31.9,30.8
Building 5,Electricity,KWh,Meter 1,26/04/2013,31.4,34.5,34.1,36.4,36.7,35.4,31.9,29,28,28.5,30.8,34.8,37.2,49.3,55.4,62.1,69.7,75.6,78.5,79.4,76.6,76.1,81.2,84.9,83.6,83.3,83.6,80.2,82.1,79.2,78.7,72.9,63.3,59.6,49.4,46.1,44.4,42.4,41.2,39.1,37.9,36.2,36.3,35.3,35,34.1,34.2,33.3
Building 5,Electricity,KWh,Meter 1,27/04/2013,37.8,37.8,37.8,37.7,38.4,37.3,31.7,32.8,33.5,33.6,34.5,34.5,43.2,53,59.4,61.4,65.1,68.3,67.4,73.3,72.8,76.4,80.2,77.9,81.9,79.4,79.2,84,82.6,81.8,83,76,73.4,68,49.2,36.2,35.1,36.8,36.8,37.2,36.4,35.5,35,35.3,34.5,34.7,33.6,33.5
Building 5,Electricity,KWh,Meter 1,28/04/2013,37.1,38,38.2,38,37.7,37.4,32.4,32.5,33.1,34,35,35.5,40.6,51.5,52.5,54.6,56.2,62.7,66.8,68.5,75.6,79.2,82.4,81.5,85.6,83.1,78.7,77.1,74.1,71.1,68.7,65.4,66.7,62.1,42.8,34,29.5,28.6,27.4,27.6,27.1,27,26.7,27.3,26.9,26.8,27.3,27.4
Building 5,Electricity,KWh,Meter 1,29/04/2013,30.2,32.1,32.7,32.7,37.3,37.1,32.7,32,32.4,32.6,33.9,33.6,35.8,42.7,43.1,44.6,50.2,52.7,54.4,55.1,54.6,54.3,55.3,55.5,53.7,50,51,50.1,47.1,46,45.4,45.7,42.3,42.5,34.1,31.7,30.4,29.8,30.4,29.8,29.4,28.5,27.6,27.7,27.3,27.3,27.5,27.4
Building 5,Electricity,KWh,Meter 1,30/04/2013,26.9,27.2,27.1,27.3,29.8,30.6,39.1,34.4,35.4,34.1,45.7,51.2,52.2,52.7,60.8,63,64.3,66.7,66.3,71.5,77.1,76.6,73.7,75.8,78.9,78.9,77.5,72.1,72.7,69.9,68.4,65.6,61,54.8,49.7,48.7,48.4,47.9,47.9,47.6,46.6,45.1,44.5,43.8,42.3,42,41.6,41.6
Building 5,Electricity,KWh,Meter 1,01/05/2013,40.9,40.3,40.1,39.8,40,40.3,39.4,39.9,39.7,40.1,40.4,44.3,51,57.5,61.4,63.1,71.6,74.6,69.8,73.2,73.7,77,76.4,83.8,84.1,88.1,86.4,81.7,79.3,77.7,76.6,72.7,63.2,59.6,48.8,45.4,43.7,41.3,39.3,36.4,34.3,34.6,36.2,36.5,34.4,33.2,33.1,33.1
Building 5,Electricity,KWh,Meter 1,02/05/2013,34.5,37.4,37.2,37.1,38,37.8,34.5,32.6,32.5,32.3,32.9,32.8,43,54,58.5,59.7,63.1,67.3,66.3,69.6,70.6,76.6,77.8,76.3,78.3,76.7,81.6,79.8,79,80.2,78,71.5,64.1,58.8,51.8,51.2,47.9,45.2,43.1,41.3,40.1,39.4,38.6,37.9,37.5,37.3,36.5,35.5
Building 5,Electricity,KWh,Meter 1,03/05/2013,34.1,33.9,32.9,33.4,33.8,33.6,33.6,33.8,33.2,34,33.7,34.4,35.4,47.3,56.7,61.4,63.3,64.2,64.7,63.9,69.7,70,69.2,71.6,72.1,73.4,74.8,74.9,73.8,72.6,72.2,65.3,49.4,42.8,35,33.8,32.2,30.8,29.5,28.9,28.6,28.6,28.4,30.2,29.9,29.5,28.9,28.5
Building 5,Electricity,KWh,Meter 1,04/05/2013,32.2,33.5,32.8,33.5,33,32.9,27.5,27.5,29,28.7,29,36.2,34.7,42.9,47.6,49.6,49.9,54.2,55.3,55.5,57.8,60,59.3,57.2,62.9,64.9,65.7,67,67.7,64.4,62.3,60.7,59.8,58,44.9,32,31.1,30.8,30,30.4,28.9,28.6,28.2,28.3,27.9,27.6,27.5,27.7
Building 5,Electricity,KWh,Meter 1,06/05/2013,31.4,33,32.5,32.7,34.3,33.6,28.8,29,28.8,28.6,29.8,34.9,40.2,43.2,44.8,46.2,50.2,54.8,55.9,57.2,64.1,68.9,71.9,73.5,71.3,75.7,78.7,78.8,77.4,72.3,70.7,69,68.6,59.5,41.9,34.5,32.9,33.5,31.9,29.9,31.5,31.2,30.7,29.9,29.1,28.7,28.4,28.2
Building 5,Electricity,KWh,Meter 1,07/05/2013,32.5,33.9,33.6,33.8,36.4,35.4,30.6,31.9,30.8,31.2,30.3,36.7,43.5,46.9,53.4,57.2,58.2,62.2,71,78.5,82,85.1,85.1,84.6,89.3,92.5,96.4,92.4,93.9,89.4,84.5,83.9,71.3,65.5,54.1,47.6,48.1,47.2,47.7,45.1,40.1,36.7,33.4,35.5,37.3,36.8,35.1,33.1
Building 5,Electricity,KWh,Meter 1,09/05/2013,30.2,31.5,35.3,36.4,37.1,37.1,36.7,34.6,30.6,30.3,32.7,37.8,45.9,45.2,51.5,53.7,57.6,62.7,66.1,69.2,69.8,72.1,77.5,74.4,69.8,72.8,66,62.2,62.4,54,51.5,49.3,39.8,37.2,30.2,28.3,27.4,26.8,26.2,27.2,26.9,26.9,26.6,28.5,26.9,27.2,26.8,27.3
Building 5,Electricity,KWh,Meter 1,10/05/2013,31.7,31.9,31.4,32.1,33.3,32.8,27.5,28.3,28.2,27.9,31.2,34.7,39.1,42.5,43.2,46.4,48.2,55.4,55.1,59.4,60.1,62.7,63.9,59.1,56.7,60.5,61,58.7,57.1,55.3,55.6,53.5,43,34.3,30.5,30.9,30,28.8,28.2,29,28.3,28.3,28.3,27.2,30,27.9,28,28.4
Building 5,Electricity,KWh,Meter 1,11/05/2013,31.5,33,33,33.4,32.9,33.1,27.9,28.5,29.4,29.3,29.9,37.1,35.9,50.2,54.4,56.7,59.8,60.7,61.1,61.9,63.3,62.7,66,64.6,60.9,62,60.9,61.5,59.8,56.8,56.1,55.6,58,51.4,39.1,32.3,29.6,27.9,29.6,29.2,27.5,26.7,26.9,27.5,27.6,28.7,28.1,27.8
Building 5,Electricity,KWh,Meter 1,12/05/2013,32.7,32.7,32.6,33.2,33.1,33,27.5,26.9,28.2,27.7,28.2,30.2,34.8,44.1,48.5,49.7,58.5,55.4,55.1,57,60,59.9,60.3,59.9,60.9,59.9,60.8,59.2,57.9,54.2,53.2,52,52.4,47.9,35.4,27.1,26.8,26.3,26.8,26.8,26.4,26.1,26.3,26.4,26,25.8,25.8,26.7
Building 5,Electricity,KWh,Meter 1,15/05/2013,31.3,31.4,32.5,32.3,33.4,34.4,29.6,29.9,28.6,31.2,33.8,33.4,44.5,53.8,58.4,61.9,63.5,63.4,66.9,69.4,75.7,75.5,76.6,74.3,77.9,78.4,75.8,76,74.5,71.4,69,63.6,54.3,48.9,44.5,39.6,33.8,35.1,35.1,32.9,30.7,30.2,29.5,28.3,27.6,27.3,27,27.4
Building 5,Electricity,KWh,Meter 1,16/05/2013,29.5,32.6,32.4,32.3,33.5,33.4,30.3,29,28.4,28.1,30.4,32,43.9,55.9,54.6,57.8,63.1,61.4,65.5,68.9,71,72.6,74.4,73.3,73.5,73.2,73.1,72.7,72.1,69.7,68.5,66.3,52.9,48.3,44.7,43.4,43.4,40.3,34.6,33.2,32.4,31.6,30.4,30.5,29.9,29.5,29.1,28.1
Building 5,Electricity,KWh,Meter 1,17/05/2013,32.8,33.8,34.1,33.5,34.3,33.8,28.8,29.6,28.9,28.6,31.8,36.2,42.6,46,47,49,51.5,56.8,60.5,61.2,64.7,67.8,67,64.8,67,66.8,63.4,62.7,62.9,61.4,62.2,58.4,42.7,40.2,37,32.3,32.5,31.3,32,31.6,30.3,30.6,29.9,30.2,29.2,28.5,28.7,28.5
Building 5,Electricity,KWh,Meter 1,18/05/2013,32.6,33.5,33.2,33.8,33.6,32.9,27.6,28,29,29,30.3,36,37.6,45.2,48.6,50.7,50.2,55,61.2,61.1,63.8,62.5,63.4,63.6,64.2,63.1,62.5,64,63.9,57.2,56.9,54,53.5,52.2,41.3,33.2,30.2,28.4,28.3,27.9,28,27.8,27.7,28.6,27.7,27.7,27.5,28
Building 5,Electricity,KWh,Meter 1,19/05/2013,30.4,33.4,32.9,33.1,32.9,32.7,29.5,27.9,29.3,29.1,29.7,33.9,37,45.1,46.2,48.2,50.7,55.9,57,59.2,58.5,59.7,59.6,63,63.4,62.9,63.4,62.2,61,58.4,57.3,61,56.9,53.9,41.5,29.6,27.3,27,27.5,27.2,26.9,27.2,26.6,27.1,26.7,26.4,26.4,28.3
Building 5,Electricity,KWh,Meter 1,20/05/2013,31.8,32.7,32.4,32.5,34.5,33.9,28.6,28.8,28.4,28.2,28.9,33,39.5,40.4,41.3,44.7,51.4,55,56.3,53.9,52.5,51.8,55.3,52.2,56.8,55.7,54.8,53.4,49.4,48.4,48.5,44.2,40.7,40,37.4,28.7,27.8,26,26.8,25.1,24.7,25.1,24.9,25.2,24.3,24.6,24.7,24.6
Building 5,Electricity,KWh,Meter 1,21/05/2013,24.2,24.8,24.6,25.4,28.3,28.2,27.2,27.7,27.4,28.4,35,32.6,39.7,45.5,53.6,55.8,65,64,66.6,64.4,66.2,70.6,71,70.3,70.5,67.1,69,65.3,61.2,61.7,57.3,54.8,45.6,42.1,35.8,30.7,29.6,29,30,29,28.5,27.1,27.4,27.7,27.4,27,27.7,27.8
Building 5,Electricity,KWh,Meter 1,22/05/2013,31.9,33.7,33.8,34,33.9,34.4,29,30.2,30.3,28.9,29.6,33.4,35.5,43.8,47.6,50.4,56.1,63.2,62.7,60.5,60.2,60,62.7,61,60.8,66.8,65.2,66.1,68.4,67.2,67.2,63.3,57.2,56.3,47.2,40.6,37.8,36.4,36.6,36.9,37.6,38,40.2,39.4,39.2,39.5,41.3,40.1
Building 5,Electricity,KWh,Meter 1,24/05/2013,35.1,36.3,36.2,36.2,35.2,34.3,29.4,29.7,28.8,27.8,29.4,34.5,41.6,46,49.6,52.7,55.4,61,59.5,60.8,62.5,66.1,68.2,66.7,68.3,68.8,65,64.5,60.9,57.9,55.9,59.7,51.1,46.6,40.4,39.5,37.9,36.3,34.7,34.4,26.9,27.1,28.2,28,27.2,27.1,26.9,27.2
Building 5,Electricity,KWh,Meter 1,25/05/2013,28.7,31,30.8,30.5,30,30.9,26.9,25.6,23.7,24,24,24.6,25.4,42.7,43.5,48.4,54.2,51.4,54.4,54.9,58.7,59.1,59.2,59.7,63.6,65.9,69,76.4,78.4,76.1,72.4,74,73.8,71.8,59.8,44.1,40.3,42.5,42.6,40.5,37.4,31,30.8,30.9,30.8,29.6,26.6,24.4
Building 5,Electricity,KWh,Meter 1,26/05/2013,23,29,28.1,28.1,29.7,27.9,27.4,23.6,22.3,23.3,23.1,23.3,28.8,36.7,39.5,40.5,40.1,50.5,50,52.9,55,61.8,65.7,66.1,67.3,70.8,70.3,70.1,70.5,72.1,65,62.5,66.3,66,56.1,47.4,48.2,48.2,43.3,41.1,41.6,40.8,40,38.7,32.6,27.5,25.7,24.6
Building 5,Electricity,KWh,Meter 1,27/05/2013,28.3,30.1,28.9,29.6,28.5,28.2,23.7,23.1,23.4,26.2,26.7,30.3,33.1,35.7,37.4,37.6,40.3,46.9,58.8,64.6,63,62.6,67.5,72.2,79.5,72.8,77.2,77.7,77.5,78.8,64.9,72.8,72.5,65.6,46.6,34.6,31.9,29.1,28.5,30.3,28.6,27.4,26.5,26.7,26.5,26.4,26.4,26.3
Building 5,Electricity,KWh,Meter 1,28/05/2013,28.3,31.4,31.4,31.7,31.4,30.7,27.6,25.4,25.7,30.9,28.8,29.1,38.8,41.1,43.5,45.5,48.2,52.3,60.5,61.5,65.3,64.3,64.3,65.1,62.9,62.9,64.3,63.1,61.7,59.6,57.7,52.8,38.5,34,26.8,24.1,23.4,22.9,23.1,23.2,24.3,23.5,23.4,23.8,23.6,23.6,23.4,23.4
Building 5,Electricity,KWh,Meter 1,29/05/2013,26.1,28.4,28.5,29.6,29.5,28.6,24.5,23.3,23.1,23.4,28.6,27.6,28.2,38.4,42.3,47.4,46.7,50,55,56.8,59.3,60.4,60.4,62.8,62.7,61.6,60.1,60.1,57.5,56,55.9,55.8,47.4,40,38.2,37,37.3,38.2,37,37.5,37.6,38.9,39.7,43.1,43.5,43.3,42.6,43
Building 5,Electricity,KWh,Meter 1,30/05/2013,43.5,46.3,47.3,44.9,37.6,36,35.8,36.1,36.4,37.2,36.8,42.6,46.9,50.4,52.1,52.6,58.6,62.8,62.4,60.9,62.6,65.4,65.8,65.7,63.6,61.2,61.1,60.9,57,59.6,56.7,55.5,44.7,41.2,31.2,30.2,30.1,32.5,29.7,29.1,29.3,29.2,28.8,29.3,29.6,29.4,30.4,30.6
Building 5,Electricity,KWh,Meter 1,31/05/2013,33.7,36.3,37,36.8,31.6,31.1,26.2,25.9,26.4,26.8,27.3,32,39.1,40.5,43.1,47.4,52.6,54.1,50.7,53.3,55.1,57.2,57,60.2,61.7,62.7,64.4,62.8,61.2,58.2,60,59.5,46.4,40.4,28.9,28.1,26.6,26.4,26.8,26.1,26.4,26,26.4,25.8,25.7,24.9,25.3,24.3
Building 5,Electricity,KWh,Meter 1,01/06/2013,28.4,30.1,29.8,32.5,34,36.8,28.4,28.2,27.5,28.6,33.6,33.2,35.6,45.7,52.1,50.9,51.8,55.2,62.7,62,65,69.5,67.5,68.9,66.1,65.4,67.3,70.3,70.6,68.5,63.7,62.8,61.4,60.3,45.8,42.1,34.3,32.1,31.3,28.4,28,28.1,28,28,27.4,28.7,28,27.9
Building 5,Electricity,KWh,Meter 1,02/06/2013,31.4,32.9,30.9,29.5,31.1,29.5,24.7,25.2,24.7,23.9,24.2,24.4,25.7,39.7,38.5,44.9,47.3,49.7,56.1,55.8,61.7,62,63.9,63.9,64.4,66.8,65.5,63.2,67.5,66.7,65.4,64.9,67,59.4,43.7,37.7,37.8,38.5,37.7,36.4,35.6,34.1,33.1,33.5,24.2,23.4,23.7,23.4
Building 5,Electricity,KWh,Meter 1,03/06/2013,28,28.9,29.4,32.5,33,32.4,27.9,26.4,27.1,26.1,26.4,26.7,32.7,39.2,40.4,42.7,44.6,43.7,45.7,43.8,44.7,40.8,41.3,40.6,47.3,46.7,47.5,46,47.4,50.4,48.3,50,47.3,44.8,43.7,33.3,32.6,32.8,31.4,33.7,34.7,33.5,32.5,33.2,34.4,33.7,30.6,28.9
Building 5,Electricity,KWh,Meter 1,04/06/2013,29.4,29.3,28.7,29.1,30.1,28,27,27.4,26.9,26.4,32.8,31,36.7,49.5,55.1,56.3,61.1,72.8,75.5,72.5,83.1,76.8,78.2,73.2,70.5,72.8,71.4,69.7,67.7,70.3,67.8,63.4,52.9,47.6,44.1,34.3,34.5,34.2,32.9,32.1,28.5,25.8,23.7,22.6,23.4,22.7,25.1,24.3
Building 5,Electricity,KWh,Meter 1,05/06/2013,25.9,25.7,30.4,30.9,30.7,30.3,30.8,30.1,25.6,24.7,27,32,39,41,44.5,50.4,51.8,54.6,60.4,61.9,61.9,63.9,67.4,68.3,69,72.3,64.4,62.8,64.9,65.1,64,62.6,54.3,47.1,44.3,45,39.8,40.4,38.4,36.2,33.3,27,26.6,25.7,25.3,24.7,26.6,26
Building 5,Electricity,KWh,Meter 1,06/06/2013,26.8,32.5,32.6,32.2,32.7,32.1,30.5,26.4,27.2,27,27.1,31.1,39.1,43.6,55.1,55.4,57,58.5,59.8,66.6,65.9,71.1,69.8,67.8,66,70.4,67.1,68.3,67.3,66.8,66.1,62.6,52.2,52.3,47.2,45.9,46.2,45.8,42.9,41.8,40.6,40.1,38.4,35.1,31.1,25.6,27.4,26.4
Building 5,Electricity,KWh,Meter 1,07/06/2013,30.1,31.5,31.2,31,32.3,31.4,26.7,32,32.4,29.7,30.8,35.1,43.1,46,55.8,57.9,57.6,60.9,84.3,67.6,70.5,78.6,77,71.4,71.1,69.2,74,68.1,57.9,52.9,56.9,78.3,53.5,53.7,47.9,35.7,38.9,34.4,32.4,34.9,39.7,47.2,47.8,45,43,37.5,37.5,37.4
Building 5,Electricity,KWh,Meter 1,08/06/2013,42.1,47.5,45.6,47.1,48.7,48.2,42.5,43,43.1,44.6,47.1,43.2,44.4,62.7,72,74.5,72,77.6,71.2,77.1,75.7,73.8,68.9,73.2,73.3,72.7,75.5,76.8,72.6,73.3,75.1,73.9,72.2,68.5,52.9,42.8,40.5,40.9,39.6,41.3,38.5,38.9,39,41.2,42.7,41.5,43.6,43.3
Building 5,Electricity,KWh,Meter 1,09/06/2013,45.5,48,47.7,47,50.7,48.8,44.8,43.9,43.8,42.7,43.1,49.1,47.3,53.8,56.5,62.2,65.4,67.8,73.7,73.9,71.3,67,69.4,72.1,70.2,69.9,70.5,69.3,70.5,71.7,69,66.6,69.2,62.1,56.9,46.6,43.6,43.1,43.5,42.4,42.5,41.1,39.5,38.9,41.2,41.4,45,44.5
Building 5,Electricity,KWh,Meter 1,10/06/2013,46.5,50.4,49.1,48.6,50.3,50.1,47.8,43.4,43.5,43.5,44.9,43.9,51.3,54.5,56.6,60,59.5,58,59.8,58.9,57.5,64.1,69.6,72.2,70.6,70,75.4,74.7,76.7,76.3,74.9,76,71.7,67.7,60,46.5,48.4,46.1,49.9,46.4,45.6,39.2,39.2,38.2,39,36.1,38.5,38.5
Building 5,Electricity,KWh,Meter 1,11/06/2013,37.3,35,32.3,32.5,33.2,32,31.7,32.9,36.6,35.7,35.2,35.9,41.5,45.6,50.3,52.4,58.6,68.1,67.6,71.1,72,78.7,79.5,76.5,72.4,68.9,70.2,70.2,68.1,64,64.3,63.5,56.4,47,39.1,32.5,31.6,31.2,30.4,29.6,29,28.8,28.3,29.1,29.6,29.1,33.4,36.6
Building 5,Electricity,KWh,Meter 1,12/06/2013,35.4,40.7,40.2,38.9,44.1,39.1,41,38.8,40,40,38.9,41.5,47,50.8,54,58.1,57,58.9,64,63.2,64.8,66.3,68.1,72.4,73.9,71.8,71,76.2,73.8,81.2,83.4,80.6,80.9,78.8,70.1,63.3,62.7,62.3,60.7,55.8,52.8,55.8,51.9,50.7,49.5,40.3,41.9,41.6
Building 5,Electricity,KWh,Meter 1,13/06/2013,40.8,39.6,40.4,40.6,41.8,42,42.1,41.6,37,35.6,36.9,41.7,47.8,55.6,59.1,62.4,66.2,72.9,71.8,73.5,73.1,73.8,75,76.4,72.4,72.1,72.1,70.1,68.9,66.1,63.8,61.2,53.7,49,43.2,41.5,34.6,34.2,33.9,32.6,34.2,33.6,33.9,34.1,35,33.8,36.2,35.8
Building 5,Electricity,KWh,Meter 1,14/06/2013,38.9,43.3,42.3,41.3,42,41.7,38.9,35.5,34,30.5,32.9,36,37.4,48.2,49.1,50.3,53.8,60.7,63.1,62.5,67.1,67,67.4,66.1,65.4,71.9,81.5,83.8,80.5,78.7,79.4,77.1,69.3,70.5,65.7,65.5,58.2,49,50.8,55.7,52.1,41.1,34.3,31.3,31.5,31.1,33.7,38.3
Building 5,Electricity,KWh,Meter 1,15/06/2013,40.3,40.1,40.6,40.3,41.1,40.1,34.1,33.8,31.1,32.7,35.1,37.9,41.1,46.6,46.7,50.2,50.3,58.1,63.2,66.1,65,63.2,64.2,66,65,65.5,67.4,67.9,67.2,65.2,68.3,69,63.2,57.2,43.4,34.7,33.9,36.5,37.1,34.4,34.6,33.6,34.5,33.8,34.6,34.4,36.3,35.9
Building 5,Electricity,KWh,Meter 1,16/06/2013,35.5,34.6,41.1,40.5,41.9,41.5,41.3,39.8,31.4,30.6,31.7,31.5,40,44.5,47.5,53.1,52.4,57.5,58.1,62.8,63.6,61.9,62.5,62.5,62.7,63,63.4,64.4,64.3,63.4,63.2,62.6,60.8,58.6,43.4,34.1,33.6,32.6,32.8,32.9,33.3,33.2,39.8,43.8,35.9,34.9,36.7,36.1
Building 5,Electricity,KWh,Meter 1,17/06/2013,39.6,39.9,40.7,40.6,41.6,41.2,37,35.4,30.6,32,31.5,34.3,40.2,45.8,46.1,47,49.9,49.9,51.2,52.3,52.7,52.2,49.7,49.3,49.2,50.3,50.7,50.3,55,53.9,54,50.8,49.9,52.5,47.2,49.8,49,45.9,45.6,45.4,45.8,45.3,40,33.6,34.1,34.1,37.6,36.7
Building 5,Electricity,KWh,Meter 1,18/06/2013,36,35,35.4,36,36.8,36.8,36.8,36.7,32.4,32.9,33.1,37.1,43,46.6,49.5,53.1,56.2,67.6,68.1,71.2,71.5,70.7,71.7,72.1,68.9,72.5,69.6,73.1,84.4,85.3,81,77.7,71.3,70.1,59.7,60.9,59.9,57.2,56.2,55.5,51.2,49,49.2,45.3,46.6,47.5,47.5,44.8
Building 5,Electricity,KWh,Meter 1,19/06/2013,47.1,47.8,47.4,46.6,46.3,44.2,40.8,39.9,43.9,41.2,39.9,41.3,49.4,61.8,67.3,71.5,80.6,88.2,93.2,96.7,95.5,95.8,89.3,90.6,81.8,78.4,76.6,74.6,74.7,71.6,72,66.1,54.9,49.4,44.3,39.3,33.1,32.8,32.4,32.9,35.8,34.3,32.7,36.8,34.2,32.1,35.3,34
Building 5,Electricity,KWh,Meter 1,20/06/2013,37.2,38,38.4,38.6,38.9,36.9,30.5,29.6,29,28.7,35.9,48.3,52.2,54.5,63.4,68.9,69.7,66.5,66.4,76.5,77.7,83.5,90,92.6,96.3,89.5,91.9,93.3,95.6,92.6,92,90.7,81.6,73.1,61.9,56.8,54.6,55,57.3,52.9,50.7,43.9,42.9,43.9,45.5,45.9,47.5,46.5
Building 5,Electricity,KWh,Meter 1,21/06/2013,48.3,51.7,51.4,48.6,47,46.9,45.3,40.9,38.3,39.7,40.1,46.2,44.4,55.4,61.5,65.1,65.1,69.2,71.5,75.4,77.8,82.1,82.6,79,83.6,85,83.9,82.6,81.8,78,76.4,70.2,66.3,61.9,56.3,43.9,30.8,31,31.8,31,30.8,30.8,31.5,31.2,32.1,31.8,35.6,31.9
Building 5,Electricity,KWh,Meter 1,22/06/2013,35.8,35,36.1,35.6,36.8,36.4,33.6,32.4,31.4,31.8,32.7,35.3,40.5,50.9,50.5,55.4,60,59.8,61.9,67.8,65.4,67.7,65.9,66,66.6,68.1,68.1,68,67.2,66.6,65.2,62.6,64.1,62.5,55.9,48.4,46.2,47.1,43.7,42.8,42.3,41.6,41.5,43.3,45.3,44.7,44.4,42.9
Building 5,Electricity,KWh,Meter 1,23/06/2013,42.9,42.3,38,36.9,38,38.2,37.9,34.5,30.7,30.3,30.9,30.8,31.6,44.1,48.6,49,52.1,55.5,56.9,59.6,61.6,59.3,59.2,58.3,61.1,62,59.9,58,56.7,55,53.3,52.7,52.1,50,38.9,29.3,29.3,29.4,29,29.2,29.3,29.2,29.2,29.7,30.6,30.2,30.1,40.7
Building 5,Electricity,KWh,Meter 1,24/06/2013,36,35.3,34.9,35.7,38.3,39.3,32.3,31,31.8,30.5,32.3,34,32.8,42.5,48.1,54.8,50.8,48.7,52.7,62.9,57.7,57.2,52.4,58.8,57.8,59,58.6,58.8,51.4,44.5,43.4,44.6,43.9,43.3,36.3,29,28.5,28.2,28.1,28.1,28.3,27.8,28.1,28.1,27.9,27.7,27.3,27.2
Building 5,Electricity,KWh,Meter 1,25/06/2013,27.4,27.4,27.1,26.8,26.9,26.6,26.5,26.7,26.3,26,31.7,29.7,32.3,40.1,46.2,48.4,58.9,82.3,74.5,78.1,81.4,82.8,85.6,78.9,78.6,80.3,78.1,77.5,79.1,76.2,75.7,77.7,68,61.2,54,46.9,44.6,42.5,43.9,40.1,39.5,35.1,27.2,29.1,28,27.9,32.2,30.6
Building 5,Electricity,KWh,Meter 1,26/06/2013,33.2,36.6,36.2,36.5,36.4,36.4,33.4,31.3,30.9,35.5,33.8,34.7,36.3,51.6,53.8,59.2,60.4,61.6,64.9,66.9,71.2,75,52.2,77.8,79.7,76.6,71.6,72.4,74.5,70.1,72.2,76.9,70.7,62.5,53.9,40.6,36.7,36.3,36.6,37.3,37.4,36.5,33.8,30.7,28.8,27.8,34.7,51.3
Building 5,Electricity,KWh,Meter 1,27/06/2013,50.4,50.5,49.6,44.9,42.3,40.1,40,37.7,37.3,37,35.4,35.1,43.5,54,62.1,63.9,64.2,71.9,75.1,71.9,71.2,80.4,88.1,89,91,92.5,91.5,90.1,80.8,76.3,72.1,70.4,65.4,63.4,57.4,58.2,52.8,46,49.9,50.9,49.7,50.1,50.3,47.7,46,48.7,59.2,55.3
Building 5,Electricity,KWh,Meter 1,28/06/2013,48.5,50.4,51.1,52.6,53.7,54.5,53.8,48.4,47.5,49.8,53.8,55.5,60.3,71.2,80.1,84.2,82.1,86.2,97.2,95.7,96.6,104.6,108.3,110.1,107.1,111.3,110.9,105.1,100.6,100.3,96.4,87.6,73.7,71.3,65.6,62.7,63.7,62.7,65.9,63.3,63.3,63.5,62.2,62.4,61.7,60.7,67.8,65.6
Building 5,Electricity,KWh,Meter 1,29/06/2013,64.7,58.3,58.7,58.2,57.2,56.7,52.5,51.3,50.9,40.2,40.4,42.8,41.5,49,55.1,65.3,71.4,73,72.3,76.5,76.6,82.2,79.1,71.2,71.7,77.1,76.5,81.6,83.7,78.7,77.5,76,69.1,69.1,56.5,55.7,58.7,60.5,60.9,59.8,60.3,61.2,60.9,60.8,58.3,56.3,59.1,60
Building 5,Electricity,KWh,Meter 1,30/06/2013,65.2,68.2,66.2,61,54.3,52.8,47.1,47.5,47.8,49.5,49.4,47.1,47.5,60.5,64.3,64.4,66.5,69.4,72.3,71.7,73.2,74.2,74,69.5,66.3,66.4,64.6,64.5,65.4,63.2,63,57.8,56.7,53.8,39,28.3,27.6,27.5,27.4,27.6,27.7,27.7,27.7,28,31.1,32.8,37.7,37.3
Building 5,Electricity,KWh,Meter 1,01/07/2013,45.5,48.5,46.7,42.1,40,41.3,35.1,33.1,33,33.9,32.8,36.6,42.3,44.8,49.9,52.9,56.1,58.9,59.2,60.9,61.1,59.4,63.5,61,57.7,54.6,57.7,69.8,66.1,67.1,58.8,50.5,45.7,43.8,39.6,37.7,36.6,32.4,28.4,28.3,28.1,28,27.8,27.7,27.4,27.2,27.1,27
Building 5,Electricity,KWh,Meter 1,02/07/2013,26.4,26.6,26.5,26.8,26.3,26.6,26.3,26.3,25.8,25.6,30.7,30,44.9,50.6,52.8,55.6,58.5,62.3,63.9,64.6,68.1,67.5,68.2,70.9,73.7,74.2,74.2,77.5,72.9,70.5,67.9,64.6,58.8,53.5,45.4,43.3,41.8,40.6,34.8,33.4,38.3,39.6,40.6,42.4,42.9,43.5,42.4,43.2
Building 5,Electricity,KWh,Meter 1,03/07/2013,43.6,46.1,46.3,47.8,44.3,44.1,41,39.6,39.9,37.9,43.1,45.1,44.2,58.8,67.5,66,66.1,70,75.9,81.7,82.4,73.8,72,70.9,72.2,72.4,70.8,72.1,67.4,66.9,67,66.4,58.6,49.5,44.2,41.8,42.6,42.7,40.5,39.9,35.4,30.4,30.7,30.6,30.3,30.8,41.7,42.7
Building 5,Electricity,KWh,Meter 1,04/07/2013,45,48.9,50.1,49.4,49.8,51.6,51.7,49.4,44.7,44.3,45.4,51,52.6,60.8,69.9,70.5,80,84.6,91.1,91.5,95.1,93.1,93.7,94.8,96.9,95,92.7,85.5,83.1,71.6,65.1,68.3,60.3,57.3,54.7,50.3,50.4,51.6,50.8,44.8,41,38,31.2,30.3,32.4,30.8,31.1,31
Building 5,Electricity,KWh,Meter 1,05/07/2013,36.3,41.4,43.4,43.9,42.2,42.5,42.4,37.7,36.8,35.4,37.8,43.1,43.2,53.7,60.8,65.9,67.6,76,72.9,69.2,69.7,75.8,79.5,79.9,85.8,88.4,87,92.3,94.9,92.2,92.7,93.8,80.4,78.5,66,62.4,61.4,60.4,55.4,58.1,61.7,60.9,56.6,54,55.3,52.5,56.8,54.2
Building 5,Electricity,KWh,Meter 1,06/07/2013,57.9,57.5,55.5,54.6,52.9,52.8,45.1,41.9,39.4,40.8,39.6,43.7,47.6,52.4,61.7,67.7,69,73.8,75.1,73.3,81.1,81.6,82.4,88.9,89.4,94.2,92.9,95.6,93.2,93.2,90.3,83.5,82.3,82.4,68.9,64.4,62,63.4,57.5,52.7,48.8,48.8,46.6,44.6,42.7,44.1,49,49.6
Building 5,Electricity,KWh,Meter 1,07/07/2013,48,48.8,48.6,44.6,44.2,42.7,43.2,41.9,41.1,42,42.8,44.1,47.4,49.3,49.8,55.8,60.9,69.1,84,88.2,95.5,100.4,100.7,98.2,90.2,93.5,89.5,88.6,88.3,90.7,89.8,86.5,83.4,86.2,68.1,57.8,53.8,51.9,50.3,50.1,50,50,49.6,50.2,52.1,50.8,63.1,61.6
Building 5,Electricity,KWh,Meter 1,08/07/2013,65.3,60.6,57.2,56.5,56.5,57,56.9,53.1,51.2,50.3,42.4,46.3,45.6,46.7,53.5,58.5,61.1,65.5,62.8,64.6,63.2,64.4,65.4,65.2,71.2,71.9,72.1,72.6,70.5,71.1,65.5,65.6,62.8,61.6,48.1,42.1,41.3,40.9,40.5,40.1,39.9,40.5,39.6,39.3,38.9,38.5,47.6,50.4
Building 5,Electricity,KWh,Meter 1,09/07/2013,49.6,49.8,48,48.1,48.9,48.6,46.2,39.2,33.7,34.7,34.1,36.5,40.3,40.9,49.5,53.4,60.1,70.9,97.8,88.9,96.2,100.1,99.2,98.3,96.7,103.2,101.2,99.3,102.7,99,97,93.6,89.8,80.7,61,58.3,57.4,56.8,56.8,55.2,54.9,53.6,50.3,48.2,46.7,45.3,55.5,58.1
Building 5,Electricity,KWh,Meter 1,10/07/2013,55.5,54.1,58.5,56.9,58.6,59.2,56.4,46.6,41.7,38.3,37.2,43.2,68.2,69.9,72.4,84.4,83.6,85.1,83.4,81.9,80.6,80,80.4,80.8,81.5,79,79.3,78.7,76.2,76.8,73.8,73.4,66.8,60.8,46.5,42.3,41.3,40.5,40.4,40,38.9,38.2,36.6,35,34.2,34.6,45.5,48.3
Building 5,Electricity,KWh,Meter 1,11/07/2013,47.4,48.1,48.2,41.4,37.1,37.9,35.8,37.5,37.6,37.9,44,46.6,49.2,52.8,50.2,53.8,60.8,69.7,68.2,70.3,70.5,76.5,85.8,88.3,88.7,90,88.9,87.7,91.5,84.8,82.5,83.6,72.8,67.3,56.5,49.6,49.3,49.5,45.7,42.9,42.8,42.5,40.3,39.7,38.7,38.1,45.4,46.9
Building 5,Electricity,KWh,Meter 1,12/07/2013,50.1,50.4,50.4,47.8,37.2,36.7,32.5,31.7,30.7,30.7,34.1,39.4,37,41.5,46.7,49.8,63.4,67.7,69,74.5,76.6,78,79.8,77.9,77.1,75.6,77.4,81.4,79.5,81.3,76.8,77.5,75.7,68.1,52.2,49.9,48,49.4,49.6,51.5,53.3,51.3,49.1,44.1,42.7,41,50.1,52.1
Building 5,Electricity,KWh,Meter 1,13/07/2013,50.4,50.6,54.6,54.7,53.1,53.3,53.7,49.7,48.8,46.3,45.3,47.1,45.2,47.6,53.5,60.8,67.5,68.6,73.7,78.1,81.5,84.9,83.8,85.9,86.9,88.1,88.2,88.7,87.5,84,82.7,82.2,81.4,80.8,58.7,53.8,53.8,55.2,55.6,53,51.1,50.5,50.1,48.2,49.5,46.9,60.2,61.8
Building 5,Electricity,KWh,Meter 1,14/07/2013,67,67.9,63.9,59.2,58.8,58.2,53.6,53.1,53,53,56.9,57.5,58.7,59.9,61.7,63.2,65.3,68.1,73.1,74.4,78.4,79.9,79.7,79.8,81.1,80.6,79.5,80.2,78,77.6,76.2,75.5,73.8,72.1,49.8,42.8,41.8,42,41.3,41.7,41.6,41.2,41,40.7,40.6,40.2,52.4,53.8
Building 5,Electricity,KWh,Meter 1,15/07/2013,58.4,58.5,57.9,56.5,56.4,53.8,47.6,48.4,50.5,50.4,48.8,48.9,49.9,54,55.6,58.2,68.5,69.5,66.8,69.5,72.7,71,65.5,64.1,63.9,65.2,63.2,66.6,69.7,68.5,77.9,80.5,75.7,72.8,54,45.1,38.6,37.2,39.3,36.9,38,36.4,37.2,37.9,37.3,35.7,48.2,50.7
Building 5,Electricity,KWh,Meter 1,16/07/2013,50.9,49.9,51.2,49.1,50.7,51.6,48.9,45.8,46.9,47.3,43.1,41.6,44.8,42.5,54,60.1,65.9,73.7,79.5,81.2,81.4,81.1,81.3,81.7,83.3,81.4,80.5,87.6,85.1,85,80.1,101,92.2,78.2,50.5,43.8,41.7,44,43,41.5,37.4,39.6,39,37.8,36.5,37,48.3,51.8
Building 5,Electricity,KWh,Meter 1,17/07/2013,54.3,57.7,56.8,56.7,57.2,56.4,51.9,50.2,50.7,49.8,52.1,52.1,49,51.4,53.8,60,68.5,73.5,81.1,82.8,83.6,82.2,82.3,81.4,79.3,79,83.2,82.6,86.8,77,79.7,82.3,78.4,76.6,65,64,60,53.9,50.3,46,43.7,41.4,38,42.2,40.3,39.7,52.5,55.3
Building 5,Electricity,KWh,Meter 1,18/07/2013,54.1,57.3,56.5,56.5,57.1,56.2,55.5,49.5,50.4,51.6,54.8,55.9,57.7,54.9,64.7,76.4,76.8,80.8,81.8,81.4,83.5,82.4,83.1,82.6,81.4,85.5,86.1,92.3,87.2,83.2,84.4,82.8,80.6,79,66.2,62.1,71.8,70.7,62.5,58.6,56.9,51.3,44.4,43.5,43.8,44.1,57.1,58.7
Building 5,Electricity,KWh,Meter 1,19/07/2013,57.9,56.8,56.4,55,54.5,52.7,52.4,52.1,51.2,51.1,52.2,50.8,56.7,64.2,68.9,77.2,84.2,109.1,107.1,99.8,99.4,99,98.5,98.7,99.7,98.1,98.6,96.9,97.3,97.3,96.4,96.3,92.5,86.5,67.6,63.3,62.6,59.9,59.7,56.9,58.9,56.7,52.7,50.1,53.2,52.5,65.7,67.9
Building 5,Electricity,KWh,Meter 1,20/07/2013,69.3,68.8,70.3,69.4,68.5,68.6,64.9,66.9,66.9,66.6,65.3,67.3,75.5,71.3,73.8,77.2,82.6,90.3,90.7,93.2,91.8,89.2,91.2,90.3,93.1,90.1,89.5,89.3,87.8,85.7,85.6,85.6,88.2,84.3,66.7,60.9,61,58.3,62.2,61.3,61.3,62.4,59.7,56.2,53.8,54.3,66,65.9
Building 5,Electricity,KWh,Meter 1,21/07/2013,69.3,72.7,71.2,70.7,70.9,71.7,69.3,64.9,55.9,57.2,56.2,57.2,55.3,59.8,59.2,60.2,60.7,65.2,77.5,84.6,85.6,89.1,95.5,93.5,93.3,98.9,94.6,96.8,96.7,89.7,84.8,86.5,86.9,87.8,76.7,68.5,67.1,66.9,66.5,67.2,69.2,68.4,68.1,66.7,63.9,62.9,72.5,72.7
Building 5,Electricity,KWh,Meter 1,22/07/2013,76.6,75.9,75.6,82.2,83.2,83,76.8,68.9,73,66.9,71.3,72.4,72.5,71.1,74.6,79.4,83.3,87.7,89.8,90.6,92,91.9,94.1,93.5,96.3,95.3,100.1,100.6,99.3,98.7,101.8,99.6,95.3,94.7,68.9,64.2,63.2,62.6,61.6,60.5,58.8,58.6,57.9,57.3,56.8,56.3,70.8,74.4
Building 5,Electricity,KWh,Meter 1,23/07/2013,77.1,78.8,78.7,78.4,79.2,79.4,72.7,52.9,52.7,52.8,53.5,56.6,59.6,60,59.9,64,70.5,80.9,80.2,84.5,86.3,87.6,87.4,87.1,86.4,86.8,85.7,85.4,88.5,88.3,87.9,84.5,75.5,69,49,41.9,40.1,40.8,40.2,39.7,39,40,39.6,38.2,38.2,36.8,48,51.2
Building 5,Electricity,KWh,Meter 1,24/07/2013,48.4,49,49,49,48.7,45.9,39.9,35.8,35.6,34.9,37.1,42.5,42.4,48.8,54,56.8,59.6,71.3,75.2,78.9,81,80,77.3,82.4,82.9,77.5,74.4,75.9,74.8,72.4,73,69.2,62.2,56.7,43.2,38.9,33.6,33.1,33.1,36.5,37.2,37,37.3,38.9,38.2,37.9,51,56.3
Building 5,Electricity,KWh,Meter 1,25/07/2013,57,57.1,55.9,56.2,56.1,56.8,56.5,50,48.3,48.8,51.5,53.9,57,61.1,63.3,67.3,72.6,82.5,86.3,87.8,89.7,90.1,91,88,88,88.1,88,88,81,80.6,81.6,79.7,68,63.6,48,36.5,33.3,32.7,31.9,32.4,32.6,33.7,32.9,32.1,32.4,33.3,45.8,49.8
Building 5,Electricity,KWh,Meter 1,26/07/2013,55.6,56.9,56.3,53.1,46,41.6,36,35.7,34.3,36.5,36.4,39.5,47.5,50.7,53.5,60.3,70.1,79.7,83.9,80.7,67,79.2,83.9,81.8,84.6,88.4,91.3,87.4,81.8,87.9,91.5,89.9,78.8,73.8,59.2,48.7,41.5,36.8,30.8,31.6,30.5,32.3,30.4,33.6,32.6,33.6,46.6,53.2
Building 5,Electricity,KWh,Meter 1,27/07/2013,56.2,56.3,51.9,51.6,54,50.7,42.5,39.6,35.7,37.3,40.1,43.7,42,52.2,56.2,58.2,69.5,71.8,72.7,78.3,83.1,83.2,80.2,79.8,80.7,77.1,82.4,82.6,80.4,81.2,79.3,75.3,67.7,66.8,46.6,43.9,43.8,43.5,43.1,43.2,43.2,41.7,41.8,39.4,38.9,38.7,40.6,37.1
Building 5,Electricity,KWh,Meter 1,28/07/2013,36.2,37.6,41.5,41.3,41.2,40,39.9,37.8,29,27,28.2,34.8,34.9,45.9,56.3,61.1,64,67.5,73.9,77.3,78.4,77.9,79.8,78.9,80.1,81.8,82.3,81.3,79.6,78.1,79.1,79.5,77.2,76,55.6,47,36,34.1,34.8,34.2,34,33.9,33.9,33.9,33.4,33,41.2,43.3
Building 5,Electricity,KWh,Meter 1,29/07/2013,47.3,48.8,48.1,47.8,47.7,47.5,43.7,43.4,42.2,42.5,43.1,48.4,55.1,55.5,57.5,61,65.1,68.5,74.3,79.2,84.6,82.5,84.8,83.1,83.2,74.2,76,74.8,72.7,71.4,70.7,70.3,58.4,48.2,42.5,35.6,32.3,30.9,31.1,31.5,31,36.4,36.4,34.3,34.4,35.1,36.7,34.3
Building 5,Electricity,KWh,Meter 1,30/07/2013,36.1,37.7,37.7,38.3,39,38.7,34.1,35.8,35.4,35.7,36.6,35.6,42.2,49.3,52.4,54.4,62.2,66,71.5,73.8,77.3,76.8,78.9,78,78.6,78.2,78.1,74,66.1,69.9,66.7,62.2,55.3,47.6,42.3,36.7,33.8,32.2,34.2,34.7,34.8,33.6,33.5,33.3,33,33.5,41.2,43.1
Building 5,Electricity,KWh,Meter 1,31/07/2013,43,47.7,48.1,47.8,47.5,47.9,47.8,42.5,42.9,43.7,44.2,44.3,54.6,62.3,65.6,70.5,72.6,79.6,83.1,84,85,84.3,86.6,86,85.7,85.1,87.7,88.8,86.4,82.5,80.7,79.2,66.9,62.1,54.5,48.8,44.3,43.5,43.2,43.9,44,44.3,43.8,43.7,43.8,43.6,48,48.3
Building 5,Electricity,KWh,Meter 1,01/08/2013,51.3,52.8,51.9,51.8,52.7,52.2,41.7,41.7,40,40.2,42.3,43.9,53,57.5,62.9,64.4,63.4,69.4,74.1,75.7,79,82.3,82.2,81.4,80.4,82.7,83.2,82.1,77.3,77.6,74.1,74.3,62.4,55.1,47.8,39.3,36.4,35.7,35.6,35.4,36.3,35.4,35.4,35.3,34.3,34.1,41.9,42.8
Building 5,Electricity,KWh,Meter 1,02/08/2013,45.4,46.7,47.3,48.2,48.5,48.7,45,43.8,44.5,44,48.8,47.8,52.7,56.9,58.9,66.8,74.2,76.5,76.6,77.8,82.7,83.8,82.7,84.1,83.7,81.7,80.8,82.8,81.3,80.2,79.1,75.5,65.3,58.7,53.2,44.7,43,41.2,39.3,39.4,39.7,40.5,39.3,32.1,31.4,31.4,37,36.6
Building 5,Electricity,KWh,Meter 1,03/08/2013,38.7,39.5,40.4,40.1,40.4,40.5,36.4,35.4,34.3,36,36.4,37.5,41.5,54.3,57,62.1,65.2,65.5,66.8,67.1,70.5,68.9,71.3,70.6,72.2,74.9,76.8,74,71.4,70.2,71.2,78.9,75.8,70.9,62,57.8,57.4,53.5,54.7,51.6,48.8,49.1,46.9,45.8,46,44.2,50.7,52.1
Building 5,Electricity,KWh,Meter 1,04/08/2013,54.3,58.9,53.1,44.1,45.5,45.8,43.4,39.8,40.3,40.2,43.2,45.7,46.7,62.5,63.6,61.8,64.2,68.1,70.4,69.3,72.4,72.5,72.3,72.1,75.1,72.7,73.3,73.6,72.4,69.6,66.3,66.7,66,61.4,47.5,38.3,37,37.4,37.7,37,37,37,36.9,37,37.1,37.4,38.6,34.7
Building 5,Electricity,KWh,Meter 1,05/08/2013,39,40.3,40.2,40.3,40.5,40.1,35.2,35.1,34.5,34.6,35.2,37.1,42.3,46.5,48.8,53.4,53,57.4,62,64.1,64,65.4,68.3,68,68.7,70.9,70.9,67.2,67,64.9,67.5,65.5,58.3,50,40.8,34.3,32.5,32.1,32.7,31.8,31.8,31.9,31,29.8,27.5,26.6,29.5,27.4
Building 5,Electricity,KWh,Meter 1,06/08/2013,29.8,33.8,35,34.4,33.4,34.1,31.5,29.6,29.9,29,29.6,29.3,33.7,45.4,50.5,54.3,56.6,59,62.5,64.8,68.1,66.9,67.2,70.4,67.3,66.2,78.4,74.8,70.6,71.5,75.8,71.4,55.7,51.8,44,34.9,29.7,29.2,30.5,28.2,28.5,29.8,35,30.6,31.3,30.8,35,34.4
Building 5,Electricity,KWh,Meter 1,07/08/2013,34.9,37.4,33.2,33.7,33.1,31.8,30.3,28.1,28.5,29.2,32.3,33.7,32.9,41.1,47,53.5,57.8,62,68,69.1,70.5,70.9,71,75.8,73.8,77.6,75.2,83.3,79.8,79.3,75.3,74,62.2,60.4,52.9,40.5,39.3,38.6,39.3,38.6,38.5,37.3,38.1,44.9,43,45.2,51.9,55
Building 5,Electricity,KWh,Meter 1,08/08/2013,56.3,58.3,58.3,56.9,56.9,58,53.2,47.9,44.8,42.8,42.9,43.3,43.8,58.4,61,65.3,71.5,74.5,85,86.5,79,79.1,74.7,77.4,74.3,73,73.7,71.7,71.3,69.5,68,74.6,75.6,68.1,53.5,39.6,36.6,34.2,33.2,34.2,36.7,36.7,35.8,40.5,44.5,49.5,52.4,54
Building 5,Electricity,KWh,Meter 1,09/08/2013,59.1,60.6,59.8,59.9,59.8,60.6,55.1,55.2,54.6,55,60.1,62,64.6,68.3,71,74.9,73.8,81.5,86.4,84.1,83.3,79,75.1,75.9,73.8,76.9,76.5,77.8,75.8,74.5,71,68.3,55.9,48.7,36.3,35.5,33.3,35.1,37.2,37.4,35.6,33.8,28.4,28.1,28.3,30.9,37,36.8
Building 5,Electricity,KWh,Meter 1,10/08/2013,35.5,34.5,34.6,31.8,31.8,30.4,25.4,25.3,26,24.9,36.2,41.7,41.7,49.2,52.8,61.9,65.1,64.3,58.2,63.1,66.6,67.4,68.3,69.1,73.5,71.4,69.9,73,69,64,67.4,66.3,65.9,62.5,48.2,34.1,33.9,31.7,32.8,33.7,41.9,48.6,52,53.4,56.4,56.3,57.2,53.7
Building 5,Electricity,KWh,Meter 1,11/08/2013,57.7,59.3,59.4,60.2,60.6,60.2,55.9,56.7,55,54.5,57.2,59.1,62.2,69.7,69.1,63.1,59.7,62,59.2,60,63.3,62.9,63,63,64.9,64.1,63.8,67.9,63.9,63,60,60.1,59.8,58.1,40.3,32.1,33,32.2,31.5,34.8,39.6,39.1,39.8,38.3,40.9,40.4,45.5,45.2
Building 5,Electricity,KWh,Meter 1,12/08/2013,49.8,51.7,50.1,50.3,50.2,48.5,41.4,41.8,36.9,36.5,42.2,42.1,48.1,47.1,52.3,59.7,61.9,60.1,61.4,62.9,68.1,74.1,77.4,79.6,76.6,72.3,68.9,66.9,68.5,65.8,65.3,60.3,56.7,52.1,35.9,34.7,31,30.7,34,32.4,31.2,31.4,31.2,33.1,34.7,34.3,37.6,31.7
Building 5,Electricity,KWh,Meter 1,13/08/2013,35.9,36.9,35.2,32.7,33,32.4,27.7,26.4,26.5,32.2,29.3,30.7,30.8,37.7,39.2,46.1,58.6,69.2,73.3,74.9,74,72.3,70.6,72.2,72.4,74.9,75.4,75.1,78.4,75.1,73.9,71.3,62.8,59.6,57.6,52.6,55.8,53.2,52.2,52.3,54,56.7,56.7,58.9,56.5,54.5,60.7,61.3
Building 5,Electricity,KWh,Meter 1,14/08/2013,65.1,61.5,56.5,58.8,60.1,58.9,53.1,51.8,48.9,50.3,55.1,55.9,57.4,58.1,61.3,72.5,74.5,77.9,76.3,80.3,87.9,93.1,95.8,95.2,98.3,97.2,95.6,95.7,94.4,94.8,93.6,90.2,82,73.4,64.5,63.9,62.3,62.1,62,61.8,61.9,61.5,61.7,62.3,61.2,61.3,65.1,66.1
Building 5,Electricity,KWh,Meter 1,15/08/2013,66.8,69.8,69.5,69.3,69.2,69.1,66.2,63.3,63.2,63.8,68.3,71.6,69.8,78.1,81.5,84.9,90.6,95.4,97,101,102.5,106.7,107.1,109,106.7,105.4,104.5,103,102.2,101.7,98.2,96,86.2,77.3,70.3,67.2,65,64.7,64.5,65,65.4,64.3,63.8,64.5,63.3,63.2,67.4,67.4
Building 5,Electricity,KWh,Meter 1,16/08/2013,72.2,72.7,73.1,72.9,73.2,72.1,67.5,68.1,68.1,67.9,70.9,71.3,72.2,81.8,84.1,93.1,93.1,98.2,98.3,101.6,103,104.9,107.3,107.5,109.7,108.3,106.8,103.9,99.4,98.6,97.7,95.1,82.6,75.5,65.4,63.5,61.3,60.2,60,59.5,57.5,56.6,58.3,57.5,57.4,56.7,52.9,53.7
Building 5,Electricity,KWh,Meter 1,17/08/2013,53.5,51.9,52.9,52.7,52.2,50.8,47.1,47.7,47.6,46.9,48.3,54.4,53.9,66.4,72.2,78.1,80.7,76.7,78.2,85.4,87.2,89.3,91,90.5,93,93.8,94.9,96.1,97.5,92.7,96.7,94,92.9,90.6,77.7,70.9,71.8,75.1,74.5,71.4,72,70.5,69.8,70.5,67.9,67.3,73.9,75.6
Building 5,Electricity,KWh,Meter 1,18/08/2013,79.2,79.2,74.2,65,64.2,63.6,64.7,63.5,63.2,62.8,58.8,63.6,66,75.9,78.1,80.8,85.4,87.1,87.9,89.9,90.8,90.2,96.6,97,96.7,98,93.5,90.3,87.5,84.3,82.9,76.4,66.3,68.6,61,53.2,35.7,40.5,42.2,40.6,40.1,37.4,38.4,40.2,43.2,45.4,47.5,43
Building 5,Electricity,KWh,Meter 1,19/08/2013,47,46.6,44.3,43.9,42.9,41.5,39,40.1,39.8,41,43,41.2,46.4,52.1,61.5,65.2,69.6,80.4,75.9,66,75.2,74.1,75.1,75.9,76,76.5,76.8,76.1,74.3,73,72.9,70,61.7,51.2,43.3,42,41.1,40.1,41.8,43,43.4,45.6,45,43.9,43.7,43.6,45,45.1
Building 5,Electricity,KWh,Meter 1,20/08/2013,50.4,51.2,53.5,53.6,54.6,52.4,49.9,47.2,49.4,48.3,49.3,51.2,57.1,63,67.8,75.7,85.8,90.9,89.3,93.5,95,88.4,84.2,80.1,80,79.8,77.7,77.4,75.4,75.5,73.5,72,59.7,59.4,48.2,47.8,44,44.8,44,42.7,42.6,41.3,41,39.7,38.9,38.4,42.1,42.3
Building 5,Electricity,KWh,Meter 1,21/08/2013,47.2,46.2,43.8,41.6,42.5,43.3,39.3,39.8,39.7,36.7,42.1,40.7,47.8,56.2,60.6,66.9,74.6,73.9,73.1,73.5,81.5,81.1,80.6,78.8,81.1,87.8,78.8,79.6,77.8,74.1,86.6,84.6,75.9,65.3,60.1,54.6,53.8,54.6,55.9,57,56.7,56.5,56.8,56.7,54.9,54.2,61.5,65.1
Building 5,Electricity,KWh,Meter 1,22/08/2013,64.8,69.6,69.2,69.5,70.3,70.2,69.4,64.7,63.9,66.9,71.1,69.8,73.3,85.3,88.4,90,94.1,98.8,97.8,99.1,101.2,103.9,105.9,106.4,105.6,102.3,98.6,95.2,79.3,80,76.1,76.3,63.6,58.8,52.1,43.3,42.7,43.8,52,59.5,59.2,59.7,59.2,57.4,56.7,56.3,62.1,62.6
Building 5,Electricity,KWh,Meter 1,23/08/2013,64.6,66.4,59.8,59.9,60.1,59.8,56.2,53.9,53.8,54.7,59.9,61,61.7,71.8,76.3,80.8,83,89.4,95,97.9,100.3,102.4,102.9,103.8,103.2,103.2,101.1,105.6,105.9,103.8,104.1,97.6,77.5,71.8,67.9,60.3,58.7,57.1,57.2,57.4,56.7,55.4,55.3,54.7,54,52.7,59,59.8
Building 5,Electricity,KWh,Meter 1,24/08/2013,56.1,53.3,59.5,58.6,59.8,57.8,59.3,58.2,53.3,48.3,51.7,54.3,56.2,63.5,68.5,69.4,73.4,76.2,81.7,86.2,89.5,88.9,88.2,87.7,86.5,86.5,87.3,87.5,84.6,82.5,81.6,76.9,69.9,68,51.3,42,41.7,38.4,37,38,36,33.4,33.1,31.9,30.3,31,30.2,30.2
Building 5,Electricity,KWh,Meter 1,25/08/2013,34.4,34.1,32.3,32.3,32.5,31.8,28,27.9,28.2,26.2,26.6,33.6,33.6,42.4,44.4,47.5,51.6,52.5,58,64.5,74.5,75.5,77.9,77.3,78,82.5,87.5,88.4,90,88,85.2,85.9,85.7,84.8,72.2,61,59.6,58.8,59.4,58.6,57,56.5,56.4,56.1,56.2,55.1,59.7,60.1
Building 5,Electricity,KWh,Meter 1,26/08/2013,63.6,64.2,65.2,64.3,64.4,63.5,59.5,58.5,52.4,50.1,56.7,56.9,63.6,64.4,65,66.3,69.2,69.5,73.8,83,84.6,84.8,89.2,90.5,93.1,93,90,91.4,89.2,88.3,87.1,87.2,81.6,80.5,66.6,58,55.9,55.3,56.9,56.5,56.2,55.1,54.5,52.7,51.4,50.3,53.7,48.6
Building 5,Electricity,KWh,Meter 1,27/08/2013,42.3,42.4,46.7,46.1,46.3,44.7,41.3,43,35.7,34.3,33.9,37.7,43.3,45.6,53,60.4,67.3,71.3,75.1,77.4,87.1,86.2,84.8,82.9,84.3,82.8,89.5,84.4,82.1,79.5,78.8,74,64.4,52,45.2,42.9,43.2,48,51.5,52.6,55.6,55,55.3,55.5,52.9,53,56.2,57.1
Building 5,Electricity,KWh,Meter 1,28/08/2013,60.1,60.1,57.7,53.4,54.3,54,52.3,49.4,48.5,48.3,52.2,52.2,55.7,75.3,83.1,82.7,84.4,89.6,95.1,98,99.3,102.2,103,103.3,104.2,104.7,103.1,101.7,100.3,97.7,95.3,87.4,69.2,66.7,56.7,52.4,55.5,54.2,55.3,55.5,55.7,55.8,55.4,55.2,54,53.2,55.9,55.2
Building 5,Electricity,KWh,Meter 1,29/08/2013,55.3,55.4,52.2,51.6,52.5,50.3,42.6,44.5,40.7,40.3,41.4,41.3,50.9,57.7,58.2,65.3,69.1,81.6,85.9,92.5,93.2,100.2,98.5,100,98.7,96.8,95.8,95.2,93.1,90.7,91.1,88.7,76.6,72.1,64.4,58,56.4,55.9,56.6,56.4,57.4,57,57,56.8,56.7,55.2,59.6,58.7
Building 5,Electricity,KWh,Meter 1,30/08/2013,59,59.8,64.8,62.7,62.6,63.5,63.8,62,56.3,58.2,63.1,62.1,70.4,72.9,77.2,77.7,76.8,84.2,85.6,91.9,92.3,94,92.1,95,91,91.7,92.9,91.8,90.3,91.4,90.5,89,73.7,69.7,62.5,58.5,57.5,58,58.6,58.6,58.6,57.7,58,58,56.7,59.5,63.4,62.3
Building 5,Electricity,KWh,Meter 1,31/08/2013,64.4,65.7,64.9,64.9,64.8,63.7,57,55.8,54.7,49.5,56.5,53.9,57.4,58.4,61.3,67,78.9,81.2,77.1,84.2,85.8,87.9,84.8,84.7,91.7,102.7,94.6,89.8,90.6,86.8,89.8,90.7,88.5,87,71.4,62.9,53.5,51.6,49.4,46.6,44.2,41.5,38.5,33.9,33.6,29.8,35.8,33.9
Building 5,Electricity,KWh,Meter 1,01/09/2013,38.8,38.3,38.4,38.8,39.1,39,33.6,33.5,33.1,32.8,40.9,37.8,41.2,49.1,54.5,57.9,56.1,57.5,69.7,76.1,77.2,82.6,81.1,81,80.1,81.1,80.8,77.8,75,74.9,72.9,72.3,72.2,66.5,51.4,47.6,45.8,44,35.2,34.1,34.7,34.3,34.5,34.6,33,33.1,40.9,41.1
Building 5,Electricity,KWh,Meter 1,02/09/2013,44.6,46.6,46.2,47,47,48.3,44.8,45.1,45.3,47.5,47.6,46.5,47.1,53.7,53.7,56.9,61.6,61.5,73.3,80.3,81.7,88.6,87.8,90.4,92.6,93.7,93.4,95.2,94.4,92.5,90.8,90.8,84.7,76.9,65.4,63.2,62,62.2,62,61.8,61.5,62,62.1,60.3,57.6,57.9,62.7,61.7
Building 5,Electricity,KWh,Meter 1,03/09/2013,61.7,61.7,59.7,60.3,61.2,61.3,59.6,55.7,52.5,56.4,57.6,65,65.4,73.4,77.9,87.8,84.3,81,87.7,92.6,97,98.8,102.7,102.3,103.6,103.1,102.8,102.3,100.2,98.9,97.5,95.3,80.5,72.6,63.9,60.8,59.3,59.1,58.4,57.5,57.3,56.7,55.7,55.6,54.1,53.6,57.6,56.8
Building 5,Electricity,KWh,Meter 1,04/09/2013,59.3,59.6,58.9,56.6,54.6,55.3,49.4,49.7,44.5,47.1,47,55.1,56.3,64.4,75.2,81.3,87.1,92.7,96.8,100.4,100.6,102.2,103,106,105,101.1,96.7,92,86,80.3,80.2,78.3,69.8,66.4,59.9,49.3,45,43.3,43.2,43,49.3,48.9,47.7,51.2,49,46.8,46.6,48.5
Building 5,Electricity,KWh,Meter 1,05/09/2013,42.7,48.5,49.8,49.2,48.5,48.1,47.6,43.3,40.6,43.6,41.2,45.6,50.4,63.8,70.7,74.9,80.2,82.7,90.8,87.5,90.7,84.7,88.5,91.7,86.9,88.4,83.8,82.9,79.5,80.2,80,84.9,79.6,81.2,78.7,75.4,73.9,73.9,67.9,58.2,58,58.9,57.7,53.3,51.8,47.2,50.4,50.3
Building 5,Electricity,KWh,Meter 1,06/09/2013,50.5,52.1,53.1,52.6,52.3,53.1,47.6,46.4,45.7,47.8,47.3,47.9,46.4,57.7,51.5,56.9,56.6,58.6,66.7,67.8,74.8,77.7,82.3,79.7,80.9,88.1,80.3,83.4,79.6,79.8,80.7,79.7,68.4,64.1,58.8,51.7,48.4,43,32.5,29.6,28.4,27.9,27.5,28.1,28.7,29.2,37.3,33.9
Building 5,Electricity,KWh,Meter 1,07/09/2013,35.7,37.9,38.1,38.5,38.8,38.5,35.6,32.8,32.7,32.5,36.5,42.3,42.5,47.7,50.4,52.6,58.5,56,61.7,66.3,75.1,85.5,84.1,83.6,85.4,93,90.7,86.1,80.8,89.3,68.7,63.9,66.8,65.4,46.9,33.4,32.9,33.1,32.7,32.5,33,32.2,32.4,32.5,32.5,32.6,39,37.8
Building 5,Electricity,KWh,Meter 1,08/09/2013,40.2,42.7,41.9,43,45.9,43,41.2,39,39.7,38.8,37,38.9,43.6,47.8,49.5,54.5,56,59.5,61.8,60.2,59.6,65.3,71.7,74.2,74.3,71.6,71.8,70.1,73.8,76.3,75.6,74.2,61.8,61.7,52.7,41.1,41.7,37.9,34.9,33.4,33,32.9,33.9,34.4,34,33.7,38.8,37.7
Building 5,Electricity,KWh,Meter 1,09/09/2013,41.7,43.2,43.2,42.8,43.2,43.2,38.6,37.4,38.2,41.1,40.6,38.8,47.5,55.4,58.3,61.8,74.3,77.2,76.2,83,84.3,79.2,84.3,80.8,87.2,82.2,81.2,78.1,81.9,82.1,80.8,71.7,68.7,71,62.8,52.7,42.7,42.4,41.3,38.9,38.7,36.1,33.6,33.1,32.7,32.7,38.3,38.5
Building 5,Electricity,KWh,Meter 1,10/09/2013,38.3,42.3,43.3,43.2,44,43.2,44,39.2,35.6,34.7,41.5,39,47.7,49.6,57.2,64.3,70.2,74.4,76.7,76.6,86.3,88.6,89,87.4,88.2,91.1,88,97.1,90.5,89,93.1,92.4,83.6,78.1,65,59.6,52.3,45.9,41.9,38.8,38.4,35.6,35,33.3,33.2,32.6,37,37.8
Building 5,Electricity,KWh,Meter 1,11/09/2013,37.7,37.6,42.1,40.1,38.3,38,38.1,37.7,32.7,32.1,32.5,33,36.1,51.1,60.3,64.3,61.1,69.9,75.4,78.9,81.7,99.8,89.6,94.4,94.6,94.9,87.5,78.8,83.9,76.3,79.5,75.9,70.2,63.4,66,66.6,67.1,67.9,65.3,64.4,64.7,62,59.7,60.6,62.6,58.6,51.2,51.5
Building 5,Electricity,KWh,Meter 1,12/09/2013,49.7,52.1,51.9,51.7,54.7,54.4,50.6,50,61,75.3,75.4,75.2,82.6,85.3,90.3,85.2,84.5,90.7,91,94.4,98.3,100.2,101.3,102.5,100.1,101.9,99.6,101.5,101.9,101.4,100.4,98.9,86.7,82.7,76.3,74.4,64.1,63.7,62.7,62,61.4,62,61.8,60.9,61.2,61.3,64.9,65.3
Building 5,Electricity,KWh,Meter 1,13/09/2013,69.2,71,70.7,70.4,70.7,71,66.8,65.5,64.6,64.7,65.3,67,75.5,78.3,84.7,98.6,99,98.5,99.5,101,102.9,102.2,101.7,98.1,98.7,99.3,96.2,93.1,95.1,91.6,93.3,92.6,79.3,72.2,59.6,52.7,50.4,49.5,50.1,48.5,44.2,44.1,42.2,39.4,38.7,34.5,31.6,29.4
Building 5,Electricity,KWh,Meter 1,14/09/2013,32.9,35.4,35.4,35.5,35.6,35.7,32,29.8,30,29.2,30.1,33.1,33.9,47,47.9,49.2,51.7,56,58.4,59.7,60.5,63.8,64.8,63.4,62.8,63.9,61.4,64.2,63.4,65.3,64.4,66.1,63.8,63.7,47.8,40.6,41.4,33.5,33.3,34.7,33.6,32.8,32.4,32.5,32.7,32.4,32.3,31.8
Building 5,Electricity,KWh,Meter 1,15/09/2013,34.2,36.7,36.5,36,36.2,36.2,33,30.2,30.5,29.8,29.6,29.3,35.9,46.8,50.7,52.1,52.9,53.7,54.8,58.1,57.8,57.6,59.5,57.1,60,61.3,61.5,65.3,72.4,75,76.6,74,74.4,76.9,69.9,62.8,67.8,69.4,65.2,53.6,30.4,32.6,33.4,38.1,46.5,37.7,35.7,36.6
Building 5,Electricity,KWh,Meter 1,16/09/2013,42,43.1,42.3,44,44,45.4,40.1,39,38.5,38.9,38.1,34.4,40.2,42.4,41.5,50.2,53.9,52.9,57.1,58.6,57.6,57.4,60.9,58.9,55.9,47.7,49.3,54.5,53.1,54.4,59.5,58,54.1,49.6,44.9,42.3,41.2,43,44.5,44.4,41.3,40.7,40.5,41.5,41.3,41,40.5,40.6
Building 5,Electricity,KWh,Meter 1,17/09/2013,40.3,41.7,41.6,41,41.4,40.9,39.9,39.9,35.3,34.1,43.2,39.1,47.5,52.9,55.1,56.2,54.7,63.1,63.7,63.2,65.7,67.9,69.7,68.8,66.7,69.6,77.7,79.5,81.1,81.1,89,86.5,72.8,68.6,71.5,69.6,69.4,70.2,69.4,69,68.3,67.3,67.1,64,54.7,45.6,44.3,42.4
Building 5,Electricity,KWh,Meter 1,18/09/2013,46.8,49.3,49.7,51.1,49,47.2,42.2,42.5,43.6,41.9,42.5,43.3,45.1,60.6,63.1,64.9,64.3,70.5,74.3,66.6,64.7,65.8,62.7,69.3,69.3,67.4,69.7,69.4,66.5,64.4,63.5,65.9,65.9,61.6,57.3,52.8,51.8,50.5,52,48.3,48.8,45.7,44.4,36.3,33.6,33.6,32.1,32
Building 5,Electricity,KWh,Meter 1,19/09/2013,32.2,37,36.9,37.8,37.1,37.1,36.2,31.7,31.5,33.2,34.7,32.9,42.1,51.9,55.5,66.3,66,65.6,65.7,65.3,66.2,71.6,72,83.2,87.2,99.6,94.6,99.1,96.5,96.5,95.5,90.6,74.9,64.2,46.6,42.5,36.9,34.1,33.4,33.7,33.4,33.2,34,33.5,33.1,33.5,33.2,32.4
Building 5,Electricity,KWh,Meter 1,20/09/2013,36.7,38,37.7,37.9,37.5,37.5,31.9,31.6,31.2,31,33.5,34.9,44,51.3,55,64.5,65.1,64.5,68,67.1,67.7,67,65.6,64.6,64.8,64.6,63.2,63.9,61.9,59.6,57.4,54.9,45.5,44.6,37.8,34.9,35.8,37,36.9,36.4,36,35.5,34.5,33.9,33,32.9,32.9,32.3
Building 5,Electricity,KWh,Meter 1,21/09/2013,37.3,38.4,38.1,37.7,38,38,32.6,32.7,32.6,32.3,36,37.1,37.4,49.8,62.2,65.7,67,78.7,79.6,86.1,88.7,100.7,104.7,105.3,110,110.9,113.9,114,115.3,113.2,113.3,111.4,113.5,106.8,90.2,89.4,88.6,89.1,86.5,85.4,85.5,84.3,85.2,82.7,80.7,79.3,83.1,85.8
Building 5,Electricity,KWh,Meter 1,22/09/2013,90.9,90.6,84.3,80.1,79.9,80.1,74.8,74.7,73.8,74.3,74.2,78.3,81.1,87.7,89.2,90.3,90,92.2,102.8,104.7,103.7,102.3,103.6,105.2,104.7,106.3,106,105.3,105.4,101.9,100.6,97.9,99,94.3,79.1,72,70.7,71.3,71.5,71.4,71.4,71.5,71.6,71.8,71.3,70.9,75.3,76
Building 5,Electricity,KWh,Meter 1,23/09/2013,79.8,80.9,80.8,80.9,79.4,78.9,73.6,73.9,72.9,73.2,76.7,78.5,84.9,83.6,91.8,93.3,97,98,96.3,96.5,98.3,97.5,95.6,99.5,97.8,97.9,96.9,96.7,98.6,96,97,92.7,90.9,91.6,77.1,69.2,69.2,68.1,68.1,67.2,66.7,66.8,66.7,65.4,65.9,66.4,71.2,70.4
Building 5,Electricity,KWh,Meter 1,24/09/2013,71.6,75.8,73.3,72.2,76.9,75.6,71.3,68.7,68.7,70.1,72.7,82.2,82.3,89.1,94,95.7,98,97.3,102.1,100.3,101.8,102.6,105,101.9,101.1,99.9,103,104,101.1,97.6,96.5,98.6,93.8,88.2,79.1,76.1,75.3,75.5,75.2,73.9,73.4,68.7,68.3,67.9,67.1,67.6,71.5,73
Building 5,Electricity,KWh,Meter 1,25/09/2013,74,78.4,76.7,76.9,76.8,77.9,72.8,70.7,70.1,72.5,75.2,74.5,79.4,83.1,86.3,96.3,98.9,101.6,106.7,109,110.3,110.2,109.5,110.6,111.3,109.5,113.8,114.3,113.2,108.7,105.3,109.9,105.3,96.4,91.3,85.9,81.9,80.1,80.7,77.3,73.9,74.1,74.7,74.4,73.7,74.4,78.3,78.4
Building 5,Electricity,KWh,Meter 1,26/09/2013,78.2,81.9,82.2,79.5,79.1,78.6,78.4,73.9,71.5,72.7,76.5,73.3,81.4,87.4,92.7,95.9,98.6,106,108.5,110.4,110.8,112.7,110.3,111.5,110.4,110.6,108.7,103.4,102.5,104.2,103.8,104.1,94.5,92.6,85,79.4,80.3,80.9,78.8,77.1,68.5,66.3,66.5,63,59,54.8,58.2,56.8
Building 5,Electricity,KWh,Meter 1,27/09/2013,60.2,59.7,59,60.7,59.8,59.8,55.2,54,53.3,50.4,40.6,42,49.1,57,59,65.4,65.9,66.2,73.9,70.2,79.6,84.6,86.4,84.3,81.4,82.9,80.8,78.1,74.8,71.7,73.5,72.9,59.4,53.7,49,48.3,48.1,47.7,47.4,46.1,46,46.2,45.4,47.2,46.1,38.9,39.8,40.1
Building 5,Electricity,KWh,Meter 1,28/09/2013,42.8,45.6,44.6,45.2,45.2,44.9,40.6,38.7,38.9,38.8,40.7,40.6,46,51.1,58.8,60.8,65,63.7,70.1,72.3,75.5,76.1,78.3,79.1,81.4,87.6,89.4,91.3,92.4,94.1,96.3,93.7,87.2,77.1,65.7,57.6,55.2,50.5,50.1,48.9,56.4,57.3,52.2,48.9,45.9,44.9,51.1,51.9
Building 5,Electricity,KWh,Meter 1,29/09/2013,54.1,54.3,47.7,44.1,43.8,45.2,39.4,39.1,38.6,42.4,39.5,39.2,44.4,55.4,56.5,57.7,58.3,59.2,63.6,67.1,69.7,70.3,70.1,68.6,67.9,68.9,71.8,71.9,69.2,69.9,68.6,67.5,66.9,64.8,55.1,40.8,39.9,37.3,37.2,37.7,36.7,37.2,36.4,35.7,35.2,35.9,41.2,40.9
Building 5,Electricity,KWh,Meter 1,30/09/2013,43.1,46.3,45.5,46,45.3,45.9,42.7,41.1,39.8,41.3,41.3,41.3,50.2,50.6,51.8,57.3,61.7,64.8,65.4,64.7,63.2,65,73,74.9,75.7,80.2,79.7,85.9,90.2,87.1,85.8,84.1,80.9,77,66.5,56.7,49.8,49.1,48.6,48,48.1,48,46.5,46.6,44.6,43.9,41,41.5
Building 5,Electricity,KWh,Meter 1,01/10/2013,41,40.5,44.9,44.8,45.2,45.4,44.9,44.1,38.6,38.9,47.4,43.8,52.5,58.4,62.6,69.3,70.8,68.2,73.7,76.4,76.6,80.3,78.9,82.1,82.8,85.5,87.9,83.6,88.9,87.5,87.5,85.2,78.2,77.6,62.1,59.6,56.6,54.3,52.2,49.6,48.6,49.7,48.6,48.5,48.2,48.5,53.1,52.9
Building 5,Electricity,KWh,Meter 1,02/10/2013,56.5,59.7,59,59.2,63,63.1,57.3,58.2,59.4,77.6,81.1,79.5,81.3,92.7,99,106.6,105.6,106.7,112.8,114.4,117.3,118.1,116.4,115.7,114.9,118.2,116.6,117.8,116.6,114.4,111,108.1,106.6,105.1,94.5,92.1,89.2,86.9,88,86.8,84.3,86.1,86,86.5,86,84.8,88.4,88.3
Building 5,Electricity,KWh,Meter 1,03/10/2013,87.1,88,87.2,86.9,86,87.1,81.5,80.4,80.4,85.5,91.7,91.1,91.4,90.6,95,96.5,101.9,105.2,105.7,111.5,112.2,113,115.7,115.9,113.5,108.7,111.3,110.1,107.9,106.7,105.3,104.5,96.7,87.7,83.3,75.2,73.7,73.2,73.3,73,73.3,71.9,71.4,71.6,71.2,71.3,74.9,75.6
Building 5,Electricity,KWh,Meter 1,04/10/2013,75.8,81.1,82.1,80.8,79.7,81,79.1,74.4,73.9,75.3,83,85.9,95.2,98.4,102.2,104.6,113.3,114.6,111.8,115.1,116.9,123,122.8,118.9,119.1,121.1,119.2,116.3,116.5,114.6,116.6,113.8,97.7,88.5,80,72.6,72.5,72.7,71.5,70.1,70,71.9,71.9,70.9,71.5,70.3,74.1,73.7
Building 5,Electricity,KWh,Meter 1,05/10/2013,72.6,74.5,74.6,70.9,76.1,71.3,66.8,68.5,72.3,73,72.8,78.1,75.4,84.1,84.4,86.5,81,89.8,98.5,105.5,105.6,92,80.6,75.1,71.4,78.3,75.7,73.2,71.2,69.7,66.7,64.5,63.7,61.1,44.5,35.2,34.1,34,33.5,33.7,33.8,33.9,33.8,33.6,36.7,36.5,40.6,41.9
Building 5,Electricity,KWh,Meter 1,06/10/2013,41.8,40.4,48.3,44.1,42.9,43.2,43.6,42.8,39.3,35.5,34.2,34.8,36.4,47.2,47.9,50.2,53.3,54.8,62.5,64.1,67.6,68.3,67.6,70.6,72.4,69.7,70.8,71.9,71.4,71.8,68.5,66.5,65.6,61.2,46.7,35.7,34.9,34.3,37.6,36.6,37.1,37.9,38.2,36.6,37,37.5,42.4,43.4
Building 5,Electricity,KWh,Meter 1,07/10/2013,47,48.5,46.9,48.1,47.7,47.7,40.4,42.2,42.3,41.3,43.8,45.3,43.6,51.1,57.8,60.4,62.6,64.3,66.8,66.4,76.6,81.7,82.3,82,83.8,80.4,83.8,84.3,85.8,85,82.8,82.5,80.4,82.5,68.9,63,62.2,60.5,57.5,56.9,56.3,56.2,53.8,54,55.3,55.1,56.4,54.2
Building 5,Electricity,KWh,Meter 1,08/10/2013,55.9,56.4,55.5,57.1,57.4,57.4,52.5,51.5,50.8,49.9,55.2,53.6,62.6,69.5,74.9,75.7,85.5,88.1,88.6,89,90.9,93.5,94.6,100.1,99.4,100.7,101.3,111.3,109.6,108.4,106.4,101.4,99.5,93.3,81.5,77.2,76.1,76.2,74.9,72.4,70.5,64.9,67,67.2,66.7,64.9,70.4,73.3
Building 5,Electricity,KWh,Meter 1,09/10/2013,67.5,67.4,66.3,66.6,66.5,68.1,68.4,68.5,66.2,68.6,69.7,70.7,77.5,88,98,93.9,94.4,95.1,99.3,100.1,94.6,96.6,85.2,79.9,75.9,75.5,83.5,82,77.1,81.6,74,77.2,69,68.1,64.4,64.1,60.9,59.1,60.5,61.5,62.7,65.4,61.4,59.4,52.1,47.8,50.5,51.3
Building 5,Electricity,KWh,Meter 1,10/10/2013,50,52.1,55.9,54.6,54.8,54.5,53.3,52.3,44.7,46.9,50.7,48.6,50.5,64.1,65.9,70.9,72.8,79.1,86,86.2,89,92.1,94,94.1,92.5,97.2,98.5,97.1,92,91.4,89.3,87.1,76.5,70.4,58.5,52.7,51.3,51.9,50.8,49.8,49.7,50.2,49.6,50.4,50.7,50.7,54.3,55.2
Building 5,Electricity,KWh,Meter 1,11/10/2013,59.4,60,60.1,59.2,57.9,57.7,51.9,51.4,46.4,47.7,48,51,49.3,54,61,60.6,63.3,70.1,70.8,73.7,78.6,79.4,80,77.5,78.2,77.1,75,74.9,70.8,68.6,69.3,66,52.9,47.2,40,34.8,34.9,34.3,34.3,34.2,33.9,35.2,34.8,34.2,33.9,34.1,37.7,38
Building 5,Electricity,KWh,Meter 1,12/10/2013,37.6,39.1,43.1,43.7,43.7,43.8,43.5,43.8,37.7,34.7,34.9,41,47.2,60.4,62.5,62.2,64.8,62,70.9,74.8,74.7,74.5,75.5,76.2,85.9,86,84.6,86.8,81.3,89,88.3,88.6,79,73.1,53.1,36.8,33.9,33.7,32.9,33.9,31.8,29.8,30.2,29.7,28.9,29.2,33.2,33.4
Building 5,Electricity,KWh,Meter 1,13/10/2013,33.1,34.4,39.8,39.2,38.7,38.8,39.7,38.8,33.9,33.7,34.8,39.9,38.6,52.5,55.5,59.4,61.2,61.7,63.4,63.1,64.8,65.2,63.9,63.4,62.6,64.3,65.8,63.6,64.7,61.5,61.2,61,60.3,55,41.4,29.9,29,29.6,29,29.8,29.9,30.2,29.7,29.8,28.9,29,32.6,33.4
Building 5,Electricity,KWh,Meter 1,14/10/2013,36.1,40.2,38.6,41,41.9,42.2,37.7,34.4,37.3,36.8,38,37,40.5,48,48.3,50.6,51.4,52.4,53.2,54.5,53.2,54.1,53.3,53.3,51.7,53.5,53.9,60.1,60.4,51.7,48.8,48.3,44.3,44.4,32.4,31,32,33.6,34.6,34.1,33.2,33.5,33.2,33.2,32.7,33,32.7,32.2
Building 5,Electricity,KWh,Meter 1,15/10/2013,32,34.6,36.3,36.1,38.8,42.3,38,34.5,32.2,38,36.8,36.9,40.2,51.9,53.2,54.9,59.1,65.6,67.3,77.3,80.5,75.7,73.3,70.6,69.4,69.6,72.6,71,74.2,66.8,65.4,59.8,49,42.4,38.7,38.3,39.8,41.4,39.9,41.3,41,40.6,33.1,33.2,32.7,33.5,37,40.5
Building 5,Electricity,KWh,Meter 1,16/10/2013,43.3,44.8,47.5,47.2,45.8,45.3,39.4,40.1,39.2,38.6,43.2,39.9,50.7,56.7,59.6,58.8,62.7,66.7,74.6,75.4,76.8,80,88.3,100.6,98,92.6,85.9,86.7,86.5,83.5,74.3,72.6,59.3,58.4,53,48.9,45.1,40.1,40.5,40.2,36.9,36.5,36.1,37.7,37.2,35.6,38.8,39
Building 5,Electricity,KWh,Meter 1,17/10/2013,48,53.4,52.9,51.7,51.1,50,45.7,45,45.1,45.3,48.1,60.8,74.8,81.3,80.5,82.1,91.1,89.6,94.1,92.4,96.3,100.6,101.9,104.6,105.7,100.6,94.7,91.5,86.9,82.6,81.2,79.6,76,77.3,71.2,62.5,59.2,54.7,48.7,47.7,47.2,47,46.5,45.1,45.7,44.1,55.4,51.1
Building 5,Electricity,KWh,Meter 1,18/10/2013,49.3,50.8,55.7,56.8,56.9,56.4,56.2,53.5,49.8,55.4,57.6,59.3,58.7,68.8,73.5,77.7,82.5,86.2,86,88.4,92.6,97.9,108.2,98.7,93.3,90.5,85.8,81.3,74.5,72.9,70.7,69.1,56,50.2,45.3,39.8,39,44.5,38.9,38.4,44.6,45.7,46.7,46.6,46.4,48.6,52.8,54
Building 5,Electricity,KWh,Meter 1,19/10/2013,55.5,56.7,56,57.5,58,59.7,55.7,58.2,59.9,58.5,59.5,62.6,65.5,74.7,81,80.9,82.9,84.6,89.8,95.9,107.6,110.5,108.3,109.3,109.8,111.8,111.1,111.3,113.7,114,106.9,102.9,105.2,87.5,77.6,67.7,66.8,64.8,66.2,69.4,68.2,69.3,67.7,68.1,67.5,70.2,73,67.6
Building 5,Electricity,KWh,Meter 1,20/10/2013,71.6,69.8,64.8,66.1,63.3,64.2,63.6,62.6,60.7,61,60.3,63.5,63.7,67.8,65.1,69.6,76.3,84.8,85.1,84.4,83.6,89.4,86.9,95.1,96.9,87.6,86.5,81.5,80.8,74,71.9,69.9,68,61.8,43.1,35.4,37.5,36.3,38.1,47.6,38.2,37.5,38.7,38.4,43,38.4,40.3,42
Building 5,Electricity,KWh,Meter 1,21/10/2013,46.3,48.5,46.1,47.2,52.5,47,41.1,50.1,51.6,51.1,51.2,56.3,60.2,67.8,71,78.4,78.8,80.9,85.3,90.2,93.9,94.7,90.7,86.7,86.5,86.7,86.7,84.7,88.3,90.4,87.7,85.2,81.6,81.9,75.6,80.7,79.5,71.8,71.7,71.6,72.2,71.2,71.9,71.3,71.9,71.4,74.5,74.5
Building 5,Electricity,KWh,Meter 1,22/10/2013,77.9,81.5,80.8,81.1,81.6,80.2,77.3,75.3,77,80.8,79.2,78,86.7,97,100,100.4,91.1,95.3,104.5,99.3,99.5,120,121.7,122.5,123.2,119.3,99.5,77.6,77.1,99.2,111,111.4,103.3,100.9,93.3,88.2,82.6,82,77.8,69.2,58.6,55.4,55.5,58.4,60.3,58.7,60,60.3
Building 5,Electricity,KWh,Meter 1,23/10/2013,59.7,62.4,66,64.1,64,64.6,63.6,61,60.6,59.5,60.8,61.7,63.4,72.7,83.4,94.5,98.7,103.6,104.7,106,102.9,93.3,92.7,79.6,70.4,76.3,74.1,71.8,71.7,70.6,69.3,63.8,56.7,51.6,37.4,30.6,29.3,29.6,27.1,28,27.4,27.6,26.9,32.3,30.7,30.6,33.5,34.4
Building 5,Electricity,KWh,Meter 1,24/10/2013,34.4,34.2,38.9,39.5,40.4,41.5,40.9,39.7,35.3,37.7,38.1,40.7,48.2,56.2,59.8,59.4,57.8,65.1,67.8,69.8,70.4,75.6,77,82.4,86.5,81.7,77.6,78.2,72.5,70.6,70.5,70.6,61.7,59.6,57.3,56.4,46.1,46.2,44.2,38.6,39.1,38.4,35.8,48.1,47.9,49.1,52.9,54.3
Building 5,Electricity,KWh,Meter 1,25/10/2013,51.2,52.1,54.9,57,56.4,58.3,58.6,58.4,53.8,55.4,57.9,61.1,73.4,90.2,90,86.2,82.4,86.6,91.5,92.9,96.2,97.8,100.2,112,108.7,105.4,100.6,100.2,93.6,83.2,78.3,75.8,59.8,56,49.7,43.4,44.6,44.9,43.9,43.8,43.8,43.9,43.9,43.5,44.1,44.5,48.2,49.6
Building 5,Electricity,KWh,Meter 1,26/10/2013,54.3,53.8,52.6,52.1,52,52.9,48.8,49.9,49.9,49.4,48.5,49.3,52.8,64.5,69.6,68.8,69.9,77.1,76.2,79.9,79.2,78.5,75.7,74.5,70.9,72,74.4,74,72.8,71.1,68.9,65.8,63.4,58,41.5,31,36.4,37.7,39.1,47.7,45,40.8,40.2,34.1,35,31.9,34.4,35.4
Building 5,Electricity,KWh,Meter 1,27/10/2013,37.2,40.1,40.2,40.3,40.3,39.8,37.4,37.6,37,37.4,35,34.6,35.6,40,39.7,52.7,54,50.9,55.1,62.6,65,65.6,71,70.7,68.5,69.6,68.3,69.3,68.8,68,67.3,65.7,65.1,65.1,56.4,51.1,39.8,30.4,28.9,28.9,29.3,28.6,28.4,28.8,32.3,31.5,34.5,35.1
Building 5,Electricity,KWh,Meter 1,28/10/2013,35.8,38.6,42.6,50.4,60.6,62.2,77.4,74.8,68.8,65.9,50,34.4,35.9,38.3,47.4,51.2,51.8,54,56.3,62.9,68.3,70.6,75.8,73.7,74.6,74.6,76.3,76.4,77.3,72.1,71,71.7,71.4,67.9,52.8,38.3,42.7,40.8,39.1,33.5,34.6,36.6,35.6,36,36.4,38,40.6,42
Building 5,Electricity,KWh,Meter 1,29/10/2013,43.2,42,44.5,48,50.3,51.2,49.6,49.8,44.2,40.4,39.6,40.7,45.5,41.9,46.1,55.4,54.9,56.7,62.4,62.8,71.4,74.5,79.3,96,99.8,87.8,84.8,85.9,84.6,85.5,86.3,77.8,77.4,76,53.4,48.7,41.2,39.3,37.1,38,38.4,36.5,38.4,33.1,37.7,36.2,39.6,40.5
Building 5,Electricity,KWh,Meter 1,30/10/2013,45.7,42.4,44,45.4,51.5,45,46.6,47.7,44.4,40.7,41.3,48.2,53.1,44.6,61.9,63,72.1,69,77.2,66.8,69.7,70.3,79.2,86.2,88.3,87.6,80.1,86.4,85.1,86,85.2,82.3,80.7,76.4,60.8,50.1,43,39.1,40.1,41.4,38,33,35.9,39.6,40.8,41.7,41.5,48
Building 5,Electricity,KWh,Meter 1,31/10/2013,52.5,53.2,53.4,55.9,49.2,47.4,46.1,45.6,41.5,41.6,41.7,40.8,39.8,39.1,43.9,52.1,55,60.3,64,67.2,70.2,71.5,70.4,73,73.3,73.1,72.3,71,68.9,67.3,65.2,63.1,62.1,60.3,46.4,38.3,33,31.1,32,33.8,33.1,32.9,33.7,33.2,33.4,32.9,34.3,33.5
Building 5,Electricity,KWh,Meter 1,01/11/2013,39.4,39.9,40.2,38.2,42.5,45.5,42.7,44.2,43.8,41.1,39.2,39.1,42.5,40.6,50.2,54.3,61.4,63.6,65.5,69.6,73.2,75.7,76.5,79.1,80.1,78.7,74.6,78.3,71,70.3,70.5,68,70.6,66.4,51.9,46,35.3,32.3,36.2,34.9,33.8,33,33.5,33.8,33.6,33.4,36.3,35.3
Building 5,Electricity,KWh,Meter 1,02/11/2013,36.3,38.1,41.5,42.3,42.8,41.9,44.5,41.6,37.5,38.6,36.2,38.6,40.6,40,45.4,51.7,58,54.2,58.3,63.1,63.8,68,65.1,68.7,67.9,68.2,66.2,73,81,78.8,83.1,80.7,77.1,79,76.1,66.2,46.2,38.7,39.7,39.4,39.1,41.8,39.7,40.5,41.2,43.4,42.4,42.3
Building 5,Electricity,KWh,Meter 1,03/11/2013,46,44.9,48.8,48.3,49.3,50.5,49.9,51.4,43.4,44.6,36.6,34.8,39.7,37.2,49.8,52.4,57.5,55.2,60.7,65.7,68.6,72.5,72.7,76.6,76.8,73,69.8,70.8,73.1,68.3,70,70.9,65.8,75.7,74.5,73.9,52.2,36,35.2,40.5,40.5,38.1,37.1,36.1,37.4,35.4,34.1,32.3
Building 5,Electricity,KWh,Meter 1,04/11/2013,36.2,34.2,42.5,38.4,40.8,39.4,39.9,42.7,35.1,38.7,37.8,39,36,38.5,48.8,48.3,54.8,56.7,61.2,62.5,62.8,63.4,65.2,68.5,67.8,68.7,66.3,64.7,67.2,66.8,65.2,65.3,62.9,66.3,62.9,53.5,37.6,40.8,39.4,39.2,37.8,36.6,37.1,37,39,36.1,37.9,37.3
Building 5,Electricity,KWh,Meter 1,05/11/2013,46.4,46,45.1,45.4,49.2,44.7,41.4,36.7,35.8,38.4,35.7,38.6,43.5,39.6,49.9,49.3,57.3,61.2,65.6,69,79.2,77,80.2,83.6,80.2,82.3,79.9,84,88.9,91.3,87.7,72.4,73.2,72.8,59.3,52,46.6,44.7,46.7,47.1,53,36.7,35,36.8,40.7,34.9,38.2,38.2
Building 5,Electricity,KWh,Meter 1,06/11/2013,49.4,45,42.4,44.6,46,44.6,44.5,44.1,40.6,39.9,39.8,42.9,40.8,38.5,40.2,50.2,57.1,56.4,57.1,65.5,84.5,93.3,86,83.2,93,108.8,113.5,111.9,106.1,102.8,94.4,88.7,88.7,82.2,74.7,72.4,68.8,62.4,59,72.5,77.6,69.3,59.5,68.7,72.1,63.7,52.7,46.5
Building 5,Electricity,KWh,Meter 1,07/11/2013,44.6,39.2,39.2,41.9,44.2,43.8,44,43.9,43.9,40.1,39.9,35.3,38.1,38.1,43.4,47.3,53.2,68,76.3,80.3,84.1,86.4,88.1,87.8,88.1,94.4,100.5,101.9,95.8,80.7,66.7,61.9,61.5,74.1,71.1,66.2,53.3,52.6,55.9,50.3,43.5,41.1,41.8,33.9,35.6,32.9,37.8,43.3
Building 5,Electricity,KWh,Meter 1,08/11/2013,41.9,39.3,37.9,42.4,49.5,42,43,46.4,44.2,41.3,39.4,45.1,50.1,44.7,62.1,63.9,65.6,85.7,90.1,94.9,85.1,84,82.9,81.7,76.6,71.8,73.6,71.3,77,83.9,68.7,68.9,65.6,64.6,51.8,40.5,33.8,31.2,31.3,33,35.1,31.6,32.8,33.1,34.1,36.4,39,35.6
Building 5,Electricity,KWh,Meter 1,09/11/2013,42.4,47.7,52.4,51.8,50,50.7,44.2,44.3,44.9,47.5,47.5,47.6,49.9,41.6,52.6,66.9,69.2,68.4,85.2,90.4,79.7,79.8,85.9,82.7,86.2,85.6,80.7,86.4,84.5,85.5,83.5,77.9,78.1,73.5,70.8,72.7,51.4,29.7,28.8,31.7,33.2,35,35.6,35.8,37.6,36.6,35.3,34.8
Building 5,Electricity,KWh,Meter 1,10/11/2013,39.8,40.2,43.5,46.8,43.2,40.5,43,41.4,42,35.3,33.5,32.7,33.5,37.5,37.6,56,75.6,69.3,76.8,71.1,65.6,76.3,75.2,79.7,71.4,73.4,74.5,75,78.4,72.7,76.4,74.7,73.2,75.8,65.8,61.9,43.2,35.5,34.9,35.2,35.4,35.1,36,37.5,39.2,37.6,43.6,43.5
Building 5,Electricity,KWh,Meter 1,11/11/2013,42.5,39.8,38.3,39.5,54.1,49.7,51.1,45.1,42.7,41.8,37.3,39,37.3,39.4,47.2,52.4,58.7,70.8,69.5,77.2,76.9,76.2,77.9,79.3,82.7,77.5,79.8,75.9,75.4,75.5,74,75.6,69.9,67.2,66.1,62.5,54.6,54.4,53,51.9,53,51.8,53.5,53.7,53.8,52.7,52.1,50.2
Building 5,Electricity,KWh,Meter 1,12/11/2013,52,54,55,53.3,56.8,52.7,54.8,49.4,47.1,47,47.6,45.2,42,40.1,49,50,53.3,58.7,73.3,77.5,73.9,75.2,74.4,86.5,89.8,86.7,90.5,96.1,90.7,95.9,94.1,95.8,95.6,88.9,78.3,70.5,50.1,47.6,48.5,52.5,49.4,42.5,47.3,43,38.2,35,37,34.2
Building 5,Electricity,KWh,Meter 1,13/11/2013,45.3,40.9,46.3,49.6,53.1,51,52.5,44.7,41.2,44.9,47.7,40.8,50.6,47.9,54.9,63.7,71,69.4,64.5,77.2,76.9,80.2,77.4,82,86.8,93,90.8,90.4,85.3,88.6,83.8,79.8,74.4,79.7,71.5,58.2,50.6,47.9,47.2,49.3,53.8,53.1,53.9,51.2,49.3,41,42.6,35.6
Building 5,Electricity,KWh,Meter 1,14/11/2013,43.1,42.8,42.8,43.7,42.9,45,46.9,46.3,42.9,45.1,41.4,46.7,47.3,56.2,65,64.8,72.4,73,77.7,79.4,82.8,88,91.5,89.7,92.9,95.5,97,93.5,87.5,86.6,89.4,83.2,77.2,74,64.6,61.4,58.6,60,62.5,57.3,57.3,54,51.3,52.1,50.4,46.8,51.8,49.1
Building 5,Electricity,KWh,Meter 1,15/11/2013,51.1,44.3,44.5,46.2,55.1,49.5,53.3,52.7,54.7,45.6,50.3,53.2,54.2,52.6,54.1,57.9,64.3,69.2,66.1,80.3,77.5,78.2,76.5,81.3,81.3,78.5,80,82,86.8,82.5,86.6,84.6,80.8,77.6,68.6,59.5,39.9,39.4,38.3,36.7,39.8,37.8,38.2,37.8,38.4,40.4,38.7,39.1
Building 5,Electricity,KWh,Meter 1,16/11/2013,46.1,44.7,49,50.1,54.7,50.5,51.5,51,48.5,47.7,48.3,46.8,50.4,51.5,58,64.8,66.8,71,74.3,76.8,79.7,76.2,75.4,76.8,77.1,77.6,76.1,78,83.9,83.2,83.5,82.6,79.4,79.5,79.9,75.6,59.7,55,53.2,55.4,56.9,57.3,59.9,56.1,56.9,52.8,51.9,53
Building 5,Electricity,KWh,Meter 1,17/11/2013,54.3,55.3,59.8,61.4,58.2,51.9,47.3,48.6,45.8,40.7,42.1,45.4,51.3,44.1,51.7,62.2,62.8,65.8,57.4,60.8,63.4,65,65.5,67.2,66.9,70.7,72.1,71.5,72,70.7,71,71,68.3,66.6,64.5,61.4,45.4,36.9,36.3,37.5,38.8,37.3,37.3,38.9,39.2,37.8,37.6,38.2
Building 5,Electricity,KWh,Meter 1,18/11/2013,42.4,43.6,46.6,47.8,49.1,49.6,48.8,49.7,44.3,47.4,44.1,44.2,45.1,44.5,50.9,56.6,58.4,60.8,66.6,67.9,69.9,65,66.4,70.1,66.7,65.8,64.5,64.6,67.3,69.3,65.2,63.3,65.3,69.4,66.5,59.9,53.5,39.5,38.1,38.1,36.3,37.2,39.5,37.4,39.9,41.1,42.1,43.2
Building 5,Electricity,KWh,Meter 1,19/11/2013,46.4,48.7,47.5,49.5,50.7,49,49.6,50.5,52.7,53,53.4,54.2,55,53,67.8,75.1,80.5,85.9,88.2,88.3,94.1,98.2,99.7,100.6,99.4,98.9,97.1,94.3,94.6,96.3,90.5,89.7,89.3,88.3,77.9,71.3,63.5,57.1,50.9,50,50.9,49.1,48.3,47.8,49.2,47.9,48,48.7
Building 5,Electricity,KWh,Meter 1,20/11/2013,51.2,52.5,54.1,57.5,60.5,62.1,58.2,59.8,56.3,56.7,50,44.9,46.4,47.8,58.5,69.2,70.8,76.1,78.5,81.4,87.6,91.1,88,87.3,90.2,95.1,95.9,96.3,96,100.9,102.6,96.7,93,89,74.3,69.8,60.3,57.7,51.7,49.1,45.7,45.8,45.1,46,44.6,46.6,45,44.1
Building 5,Electricity,KWh,Meter 1,21/11/2013,46.5,46.3,46.6,45.9,50.9,51.6,52.1,52.7,51.8,52.1,47.9,45.4,45.9,45.7,57,61.8,72.1,69,82,88.7,86.4,88.2,87.4,89.2,92,98,96.8,97,94,90.5,91.6,87.8,85.8,83.6,74.4,73,63.9,57.9,54.4,49.9,44,43.2,43,42.3,42.3,41.7,43.7,41.8
Building 5,Electricity,KWh,Meter 1,22/11/2013,45.9,47.1,52.7,51.8,52.2,53.8,51.7,52.4,48.3,48.1,47.3,47.7,55.8,51.8,61.6,69.7,74.8,78,93,93.3,92.5,94.5,93,94.9,94.7,94.3,96.2,97,94.6,96.3,89.7,88,89.1,86.2,75,69,60.9,49.6,44.5,43.2,43.8,43.3,43.8,44.2,44.5,46,43.6,43
Building 5,Electricity,KWh,Meter 1,23/11/2013,48.7,51.2,52.7,53.7,55.8,55.9,54.6,55.3,53.2,50.2,50.2,49.9,51.1,49.3,52.1,71.7,77.2,75.1,75.2,81.9,83.9,82.2,86.3,87.5,88.1,87.6,86.8,93.8,92,90.9,92,89.5,90,87.1,80.7,75.1,58.9,49.4,47.1,47.7,48,48.7,46.5,47.3,47.1,48.9,45.9,46.9
Building 5,Electricity,KWh,Meter 1,24/11/2013,48.4,49.6,48.2,49.1,53.7,54.7,55.1,54.7,55.4,54.8,50.9,49.9,51.2,51.8,58.3,66.5,75.8,76.2,82.8,79.6,75.3,80.3,78.4,81.8,83.4,83.2,83.6,85.2,82.3,80.9,82.2,80.5,81.1,79.5,76.1,71,52.8,43.1,44,44.7,42.8,44.2,43.5,43.5,45.9,45.5,45.2,45.2
Building 5,Electricity,KWh,Meter 1,25/11/2013,48.7,51.8,52.8,56.3,56.9,55.7,54.9,57.2,53.9,51.2,49.8,50.7,52.2,52.8,64.7,69.2,71.3,75.3,77.4,81,83.7,83.2,91.1,93.9,86.9,90.9,91.4,90.8,92,88.3,91.2,92.3,91.1,87.4,84.2,85.5,78.9,68.4,62.9,62.6,61.8,59.5,50.5,49.6,48.8,48.6,48.3,49.6
Building 5,Electricity,KWh,Meter 1,26/11/2013,56.3,56.1,55.7,57.5,59.5,59.9,58.1,57.3,59.2,53.9,54,62.2,58.1,59.9,73.5,79.3,83.6,88.3,97,94.2,98.9,102.1,107.6,107.2,105.5,101.9,99.4,100.9,105.9,109.1,100.4,96.5,93.2,85.9,73.9,67.2,54.8,48.9,47.8,46.2,47,46,48.1,45.7,46.8,48,47.5,45.6
Building 5,Electricity,KWh,Meter 1,27/11/2013,49.4,49.9,54.5,58.2,59.3,53.1,57,57.9,51.3,49.6,46.8,50.5,49.8,48.1,59.7,74,79.3,78.6,79.4,87.6,93.1,93.8,92.8,96.5,92.4,93.9,91.4,92,92.2,91.9,88.7,85.3,83.1,79.3,64.9,59.8,54.7,50.7,46.1,40,38.4,38.1,39,39.2,39,38.5,37.6,38.3
Building 5,Electricity,KWh,Meter 1,28/11/2013,44.6,45.1,49.8,51.1,53.2,51.6,50.7,51.3,47.7,47,48.1,51.3,47.6,53.6,72.4,74.7,77.4,79.6,83,84.6,87.7,89.4,87,91,91.8,91.4,90.1,91.8,96.5,93.2,92.4,88.1,84.9,81.9,76.3,74.2,68.1,64.1,65.2,64.3,67.4,59.4,55.2,55,55.3,54.5,52.3,52.7
Building 5,Electricity,KWh,Meter 1,29/11/2013,52.8,51.6,41.9,46.1,47.5,48,47.7,45.6,45.7,40.7,40.6,45.4,45.9,43.3,54,62.7,69,67.8,70.6,78,79.9,88.6,94.3,89.4,91.4,90.8,88.9,89.1,86.1,91.3,91.9,91.5,90.3,84.5,68.7,65.9,59,52.1,47.6,48.8,47.6,47.3,44.7,43.3,44.2,42.8,43.2,42.9
Building 5,Electricity,KWh,Meter 1,30/11/2013,48.7,50.4,54.1,55.9,57.6,56.8,55.8,56.2,52,53.8,50.9,55.6,55.2,54.9,56.6,65.2,68,76.4,80.9,84.5,88.1,90.1,91.5,89.4,92.5,94,93.7,93.3,96.1,99.7,98.1,98.1,95.9,91.2,87.7,83.2,64.4,55,52.4,51.9,52.3,52.5,51.9,51.6,51.8,51.4,50,51.2
Building 5,Electricity,KWh,Meter 1,01/12/2013,51.9,52.7,58.5,59.4,60.5,59.6,60.2,58.3,53.3,52.9,53.1,54.6,52.8,57.9,60.6,71.6,76.3,75.5,77.1,87.9,90,80.8,86.9,84.1,83.5,85.6,86.4,85.8,84.3,86.7,88.3,85.6,85.2,80.6,81.1,77.6,55,46,45,45.5,42.3,45.4,45.8,44,44.9,44.2,43.8,45.4
Building 5,Electricity,KWh,Meter 1,02/12/2013,48.2,48.9,53.2,53.9,53.4,56,53.8,54.2,48.1,47.9,48.9,53.8,51.8,50.7,55.2,70.4,68.7,74.2,72.1,75.7,78.3,74.5,77.8,78.9,80.1,82.6,80.7,82.9,75.4,78,84.2,83.1,80.9,79.5,78.4,77.1,66.5,62.5,54.1,53.3,50.8,52.3,51,49.5,52.6,52.1,50.2,49.5
Building 5,Electricity,KWh,Meter 1,03/12/2013,52.6,53.2,54.9,53.4,55.4,56,56.1,53.6,55.1,60,61.1,63.3,60.5,62.5,61.2,71.6,77.3,84.8,85.3,88.3,93.4,91.1,98,101.6,101.2,97.6,94.3,94.5,97.7,101.5,95.4,92.5,89.7,89.6,86.9,77,67.3,66.9,66,64.4,63.5,62,61.3,53.7,50.6,51.4,49.6,51.8
Building 5,Electricity,KWh,Meter 1,04/12/2013,54.6,55.2,55,59.4,59.6,61.9,59.7,58.3,58.4,62.6,56.2,54.4,53.5,56.3,65,63.9,68.9,68.2,74.1,83.8,89.5,89,86.2,86.6,86.8,90.8,92.4,92.5,94.4,94.8,92.2,87.8,86.9,85.6,82,70.7,61.4,61.6,57.5,53.3,47.1,49.8,44.9,45.1,48.1,46.8,50,48.4
Building 5,Electricity,KWh,Meter 1,05/12/2013,53.1,54.4,53,55.5,56.9,59,57.9,61.7,65.2,51.3,52.4,59.7,63.5,73,73.5,74.6,76.6,76.6,81.6,84.7,85.9,84.8,84.7,89.7,91.7,95.1,92.3,91.9,88.8,88.7,89.9,86.3,78.8,83.8,77.1,75.5,68.8,64.4,61.7,64.6,65.8,66.5,64.7,63.9,61.4,59.7,60.4,62.7
Building 5,Electricity,KWh,Meter 1,06/12/2013,67.3,67.6,70.6,68.2,59.6,52.4,51.8,50.8,51.7,53.2,52.4,62.4,56.8,58.7,67.2,80.4,84.6,79.6,89.9,87.9,90.9,91,92,89.9,88.3,89.7,89.3,93.6,87.1,86.5,86.5,83.5,84.4,82.9,75.4,67.6,64.7,66.8,56.5,56.4,56.8,55.1,58.1,60.2,54.5,57.9,53,51.4
Building 5,Electricity,KWh,Meter 1,07/12/2013,63.7,64.6,59.1,72.1,62.7,55.1,49.8,50.4,50.6,46.6,44.8,46.6,48.6,52,50.2,65.7,71.5,71.2,78.2,83.2,74.5,80.5,83.4,79.3,80,81.1,77.1,77.8,78.9,82.3,80.3,80,78,75,74.6,72.4,61.7,59.5,57.4,58.9,59.2,58.4,58.7,55.6,52.3,56.3,58.9,53.6
Building 5,Electricity,KWh,Meter 1,08/12/2013,52.3,60.7,67.3,65,63.3,55,57.6,57,51.7,56.2,46.7,51.2,51,59,59.9,58.9,77.2,74.7,72.1,82,72.3,70.7,72.4,72.6,77.2,76.3,76.5,76.9,78.7,79.4,77.4,74.6,77,77.1,73.6,67.7,47.4,39.5,38.6,37.7,35.2,35.9,36.7,35.3,37.7,38.3,35.8,35.1
Building 5,Electricity,KWh,Meter 1,09/12/2013,42.2,49.3,45.3,50.2,55.6,49.5,56.9,52.8,47.3,44,44.4,44.7,47.1,47.2,48.1,63.4,67.6,75.6,64.2,70.5,72.2,72.8,72,72.1,76,87.4,91,87.4,87.9,88.6,84.9,73.2,73.3,75.3,58.3,60.6,48.3,46.9,42.3,43.4,42.7,43.6,41.5,43.1,42.1,44.2,42.1,41.8
Building 5,Electricity,KWh,Meter 1,10/12/2013,46.2,47.3,51.1,50.7,51.2,51.5,50.5,51.1,48.2,51.5,44,48.2,47.1,53.3,75.4,75.6,73.8,79.7,76.1,89.9,97.3,99.7,96.6,98.3,101.3,104.4,99.8,100.3,102.1,95.9,96,93.5,94.2,76.5,70.7,70.9,55,54.8,54.3,53.6,41.8,41.4,42.6,41.9,40.9,43.7,44.9,39.9
Building 5,Electricity,KWh,Meter 1,11/12/2013,46.5,52.7,48.9,53.8,53.2,56.2,57,56,48.5,50.1,46.8,56.2,55.7,58.5,66.9,83.9,90.1,94.8,99,105.1,93.5,98.9,100,99.5,96.6,90.9,87.3,85.6,86.2,90.6,91.6,88.2,92.1,91.3,80.7,68.4,56.2,51.6,48.7,53.3,49.8,53.6,50,44.4,42.7,42.4,46.5,42.1
Building 5,Electricity,KWh,Meter 1,12/12/2013,47.7,49.4,47.5,51.8,55.1,54.4,53.8,51.8,54.3,51.6,44.2,52.9,51.8,52.5,67.9,73.8,74.3,79.7,72.5,86.5,93.6,81.3,82.4,83.6,87.7,84.8,80.1,74.7,76,74.4,74.3,74.4,74.8,71.2,64.1,58,52.2,52.1,49.7,49.4,50.2,50.6,50.8,48.7,47.4,47.5,45.5,44.4
Building 5,Electricity,KWh,Meter 1,13/12/2013,46.7,47.7,51.1,52.9,49.1,41.8,41.5,41.1,42,41.9,42,45.1,45.7,43.9,45.4,50.8,54,56.9,60.4,66.2,71.3,74,75.7,77.2,79.3,79.4,77.1,75.7,75.2,75.3,71.5,77,80.8,81.3,74.2,63.4,63.9,62.3,55,53.2,56.1,57.8,57.5,61,54.9,56.1,56.7,53.2
Building 5,Electricity,KWh,Meter 1,14/12/2013,56.7,55.7,53.3,57.1,49.6,45.8,46,43.4,45.8,45.5,50.8,50.3,52.6,51.3,53.2,63.3,66.8,70.3,74.2,80,73.8,72.8,78.1,80.5,85.1,87.1,73.4,72.7,69.6,72.8,72,72.1,72.5,69.7,70,65.5,56.4,50.9,50.9,50.3,51,51.9,52.4,49.9,49.2,50.6,48.7,46.7
Building 5,Electricity,KWh,Meter 1,15/12/2013,46.1,44.9,53.4,51.4,43.8,45.1,45.2,44.1,39.3,39.8,40,40.3,40.2,41,47.4,64.5,66.5,56.1,63.8,74.1,71.7,66.3,68.2,70.9,72,76,76.8,74.7,76,71.8,73,72.1,69.4,64.6,63.7,60,46,37.6,37.6,37.8,36.8,37.4,37,36.6,36.7,37.4,36.1,36.1
Building 5,Electricity,KWh,Meter 1,16/12/2013,39.5,39.7,42.5,43.9,45,45.6,44.5,45.8,40.5,39.2,40.3,40.1,39.7,40.3,41.3,49.3,54.6,58.2,58.9,59.1,58.5,56.6,61.2,62,61,59.3,57.3,57.8,57.4,59.4,63,61.8,60.6,59.5,53.3,48.3,39.6,37.5,36.3,35.9,36,38.3,38.2,37.1,36.4,37,36.6,37.2
Building 5,Electricity,KWh,Meter 1,17/12/2013,41.3,42.9,41.7,44.6,49.3,51.1,50.2,49.1,50.9,47.3,45.3,46.2,50.1,48.8,48.8,62.4,71.1,70.6,73.4,76,81.7,83.5,88.5,86.2,87.5,87.9,86.6,85.2,84.2,81.9,80.7,82.2,80,78.9,70.3,62.5,54,52.6,51.9,51.8,50,51,52.1,49.3,44.7,45.1,44.4,42.9
Building 5,Electricity,KWh,Meter 1,18/12/2013,48.7,51.5,53.5,57.9,50.2,46,45,45.3,52.5,50.6,43.2,52.1,52.2,59.3,61.5,64.1,59.6,62,72.5,70,73.2,72.1,74.7,78.1,75.8,77.9,76.6,74.2,73.7,72,70,70,70.6,69.7,64.3,61.9,56,53.2,50.3,51.2,53.5,48.1,48.2,45.9,43.8,44.6,43,43.7
Building 5,Electricity,KWh,Meter 1,19/12/2013,46.8,48.6,49.1,52.1,58.6,50.8,46.3,44.6,45.7,44.4,41.7,42.7,48,48.1,51.1,64.4,69.3,64.9,70.7,80.6,74.5,82.5,83.1,83.1,82.1,83.9,85.1,83.2,84.2,84.3,85.7,84,80.7,75.4,69.2,58,55.9,53.8,49.7,48.8,48.7,49.8,51,47.5,46.2,43.7,46,44.9
Building 5,Electricity,KWh,Meter 1,20/12/2013,47.4,49.3,51.1,56.3,56.6,50.4,46.8,50,47.6,41.4,42.8,40.5,47.7,50.4,49.9,62.1,65.1,71.2,80.2,82.3,85.9,84.3,85.4,89.1,88.7,86,86.4,88.3,83.9,84,84.8,81.9,82.5,79.9,71.6,64.8,61.1,62,57,56,51.5,55.1,53.9,46.3,44.4,41.8,40.9,38.9
Building 5,Electricity,KWh,Meter 1,21/12/2013,42.6,44.3,49.1,49.7,48.5,48,45,41.3,39,35.7,36.1,35.9,36.2,36.9,42.2,52.4,56.7,55.7,59.4,62,67.7,65.9,66.7,71.2,69.6,70.1,69.1,67.2,67.1,66.6,67.4,66.1,61.4,59.1,57.9,56.3,42.8,42.2,41.3,41.7,40.2,41,43,41.4,40.2,42.3,42.5,46.5
Building 5,Electricity,KWh,Meter 1,22/12/2013,41.5,46.3,51.4,50.5,54,56.3,55.4,55.3,50.5,52.1,41.1,41.5,41.9,43,45,58.6,67.2,64.8,70.5,69,64.7,71.2,74.6,74.9,73.7,76.2,78,78.6,77.3,72.2,72.2,70.7,72.6,69.2,67.1,65,50.2,39.8,40.1,39.2,39.6,39.2,38.1,38.6,38.3,38.6,39.6,39
Building 5,Electricity,KWh,Meter 1,23/12/2013,44.8,47,51.2,51.3,55.9,54.9,55.7,57.4,53,47.8,51.7,53.4,54.4,54.4,55.5,61.7,53.4,52.4,53.8,59.4,63,69.1,70,70.1,69.9,69.8,69.3,69.3,67.7,66.7,63.5,62.4,61.6,58.1,50,43,38,38.1,37.7,39.5,38.2,38.4,37,39,37.7,39.9,38.4,39.2
Building 5,Electricity,KWh,Meter 1,24/12/2013,41.1,42.2,41.2,41.5,41.9,48.7,46.9,48.1,51,56.3,56.1,55.9,53.3,49.5,59.7,68.8,68.6,70.3,74.8,74.5,75.5,74.2,75.6,74,74.5,75.3,71.7,71.7,61.4,52.6,53,51.9,52.2,51.8,49,48.2,46.6,45.2,42.5,38.6,39.1,41.7,40.9,41.1,38.6,39.8,37.7,38.7
Building 5,Electricity,KWh,Meter 1,25/12/2013,44,45.1,47.4,50.8,49.7,52.7,49.3,49.5,48.2,46,44.2,43.9,45.4,44,44.7,52.1,52.4,50.4,51.3,52.3,50.4,52.9,53,50.2,52.8,51.9,52.6,52.4,52.2,51.6,50.7,47.4,44.2,46.3,47.6,50.3,35.1,36.7,39.6,41.6,35,36.3,35.3,36.1,35.7,36.5,35.9,36.4
Building 5,Electricity,KWh,Meter 1,26/12/2013,38.9,40.7,40.2,41.9,40.8,40.2,40.4,42.3,40.3,40.5,42.4,41,41.1,43,43.5,42.3,48.8,50.5,46.2,49.7,43.8,42.5,50,47.7,42.2,44.2,43.2,43.5,46.1,45,44.1,41.9,42.3,44.4,46,43.3,44.7,45.8,45.1,45,44.5,43.9,45.8,45.7,43.9,32.8,29.8,30.2
Building 5,Electricity,KWh,Meter 1,27/12/2013,34.5,35.9,35.1,34.8,35.2,38.2,41.4,43.1,49.2,48.7,54.9,53.1,49.9,51.5,52.9,64.1,65.6,65.3,70.9,80.3,80.1,80.5,71.9,78.4,81.6,79,80.4,83.5,80.5,78.6,79.3,76.4,75.1,73.4,58,48.8,46.1,46.4,41.4,40.5,41.4,41,42,41.7,41,41,41.6,41.6
Building 5,Electricity,KWh,Meter 1,28/12/2013,44.8,47,45.7,46.1,49.7,51.7,51.6,51.9,50.4,49.9,48.2,44.7,46.3,52.8,53.1,59.1,65.2,67.3,69.5,72.6,75.2,78.5,77.7,79.5,78.8,82.1,87.7,87.1,86.4,82.8,80.3,79.7,76.9,76.9,74.7,68.5,47.2,42.2,41.6,40.5,40,40.5,39.7,40.7,40.3,40,39.8,39.9
Building 5,Electricity,KWh,Meter 1,29/12/2013,40.5,40.7,47.3,46.4,45.9,47.8,47,46.4,42.4,41.5,41.5,42.7,41.6,41.4,52.5,58,61.3,61,67,68.2,72.7,75,79.5,75.6,75.9,82.8,79.8,82.2,81.6,78.9,74.1,76.5,75.6,76.6,71.9,71,50.7,45.6,39.4,43.6,43.6,43.7,44.7,46.5,44.8,46.2,38.8,29.9
Building 5,Electricity,KWh,Meter 1,30/12/2013,32.3,34.2,33.7,34,38.9,39.3,41.4,39,38.5,38.4,34.1,34.3,40.4,39.4,47,51.4,50.1,51.9,53.3,58.5,66.6,66.4,72.5,70.1,72.1,70.8,75.9,74.9,76,76.5,75.6,72.7,70.9,66.5,55,44.9,35.6,35.6,37.7,35.5,35.6,36.9,40.5,37.7,34.2,33.6,33.1,31.9
Building 5,Electricity,KWh,Meter 1,31/12/2013,45.3,46.4,47.2,47.6,49.5,51.8,50.9,50.5,51.3,53.8,51.6,53.4,52.8,53.5,61.3,69.6,72.7,76.4,77.4,82.2,87,87.1,89.7,90,91.1,91.3,88.1,87.9,86.4,83,81.3,80,79,74.2,69.2,64.7,55.7,54.9,53.7,52.1,48.6,49,49.2,46.5,43.7,45,44.2,43.3
Building 5,Electricity,KWh,Meter 1,01/01/2014,41.8,37.3,45.5,44.3,46.7,49.3,43.7,44.2,43.2,42,44.6,41.7,43.2,44,48.5,53.5,41.6,44.1,50.3,51.5,52.7,57.8,57.1,58.5,58.4,61.1,59.9,61.9,62.8,59.6,57.1,58.3,55.8,54.3,42.1,37.9,31,30.8,30.6,30,29.5,29.6,31.2,34.9,30.4,30.4,28.2,27.9
Building 5,Electricity,KWh,Meter 1,02/01/2014,28.7,31,35.5,36.6,35.8,36.4,36.3,36,33.2,31.6,35.3,32.7,35.1,37.8,45.3,50.9,50,54.5,57.3,62.8,60.4,65,66.2,68.4,70.5,75.3,75.7,77,74.4,74.7,76.2,79.2,79.2,76.3,57.8,49.7,44.6,35.5,37.4,35.4,31.5,31.2,31.1,30.5,30.7,30.5,30.3,29.5
Building 5,Electricity,KWh,Meter 1,03/01/2014,30.4,30.8,30.5,32.6,37.2,38,40.8,44.4,46.6,39,33.8,44.4,48.7,49.7,55.2,62.5,61.4,65.3,57.5,76.7,69.9,71.9,78.5,78.2,82.2,81.6,79.3,76.8,80.7,75.8,72.4,68.3,73.5,71,51.3,45.9,43.2,41.7,43.8,42.9,40.5,35.5,37.8,43.3,43.7,43.5,42.8,39.9
Building 5,Electricity,KWh,Meter 1,04/01/2014,31.8,40,32.8,34.6,47.2,38.4,40.3,36.4,37.1,35.3,32.4,36.7,38.2,37,36.1,52.1,56.9,56.5,58.9,66.5,64.4,66.6,68.8,68.4,69.5,74.1,74.3,74,73.7,69.2,68.9,70.1,68.2,68.1,64.2,58.2,44.7,33.7,33.8,34.2,33.6,33.4,34.5,34.6,34.6,36.9,32.2,34.7
Building 5,Electricity,KWh,Meter 1,05/01/2014,32.8,33.6,34.3,38.7,38.2,42.5,49.7,50,37.7,37.5,32.3,35,46.3,37.2,39.1,54.4,56.2,55.4,56.7,67.9,75.5,76,84.1,68.7,66.8,66.1,67.8,66.9,66.2,65.2,63.9,63,63.2,61.4,59.4,50.3,37.8,31.1,30.5,30.9,39.2,40.3,37.4,37.7,38.6,38.4,38,37.2
Building 5,Electricity,KWh,Meter 1,06/01/2014,36.9,28.9,28.7,28.9,33.2,33.6,33.4,33.1,33.2,32.9,28.8,29,28.2,28.1,35.7,37.2,42.8,43.9,47.5,49.6,49.2,52.7,55.5,53.3,51.8,55,55,53.1,52.3,53.3,53.1,49.7,42.4,40.6,38.5,37.4,30.1,30.3,29.8,29.5,29.8,31.9,29.4,28.1,28.9,28.6,28.6,28.7
Building 5,Electricity,KWh,Meter 1,07/01/2014,29.2,28.6,28.6,29.9,33.3,34.6,34.7,33.7,33.8,31.2,31.3,31.2,33.4,30.4,38.2,48.5,48.8,54.8,59.7,56.5,65.8,65,71.1,72.6,70.3,70.6,71.6,82.2,87.5,88.7,85.2,85.3,83.9,79.4,68,59.8,45.9,43.7,35.9,39.8,42.1,37.5,32.3,35.6,34,34.8,33.5,31
Building 5,Electricity,KWh,Meter 1,08/01/2014,37.6,38.9,40.3,44.1,45.3,44.5,44.2,44.5,43.4,42.3,41.1,44.8,41.5,42.5,46.5,56.5,61.4,64.9,67.1,72.3,80.5,82.3,82.2,84.9,85.7,85.5,83.6,77.6,77.8,76.6,75.1,73.6,70,66.7,55.9,49.3,39.2,38.2,37.2,36.3,34.7,34.8,37.1,35.3,34.6,34.7,34.6,33.7
Building 5,Electricity,KWh,Meter 1,09/01/2014,40.7,42,41.7,41.6,41.5,41.9,42.9,42,41.2,46.2,47.5,47.4,49.7,49.1,60.1,67.8,74.6,76.9,80.7,80.8,84.6,83.7,84.8,91.3,92.7,92.3,91.8,89.7,91.3,91,89.2,87.1,78.8,76.7,66.3,61.6,49.9,38.9,38.1,37.5,37.3,38.7,37.3,37.1,36.9,37.1,37.2,37.2
Building 5,Electricity,KWh,Meter 1,10/01/2014,40.4,42.3,46.8,47,47.7,48.1,51.5,49.7,43.8,43.7,45.2,48.9,49.2,47.5,56.5,63.6,69.6,75.2,77.3,78.9,79,84.1,86.2,83.7,89.3,87.3,88.8,89.8,87.3,87.2,78.1,80.9,81.3,73.2,66.1,56.5,51.3,38.8,36.9,37.8,37.3,37.9,36.9,36.3,36.9,39.8,38.7,33.9
Building 5,Electricity,KWh,Meter 1,11/01/2014,38.3,40.2,43.1,44.3,44.1,46.8,45.1,45.2,41.1,41.2,41.7,42.5,51.3,47.7,49.6,56.3,60.1,67,61,65.1,73.8,76.4,82.7,82.5,85.4,86.5,84.2,85.1,84.6,83.8,85.2,81.5,81.1,80.9,77.6,71.2,53.5,42.5,42.4,40.8,40.3,40.3,40.5,41,40.8,41.2,40.2,39.6
Building 5,Electricity,KWh,Meter 1,12/01/2014,41.2,41.8,46.3,46.3,46.7,47.1,48.1,48.7,43,43.6,42.5,43.1,47.2,47.3,49.2,59,64,66.3,67.9,73.3,73.2,74.9,79.6,81.6,85.3,83.3,79,82.7,86.3,83.2,84.2,82.1,81.3,74.3,74,62,38.2,31.5,32.5,29.7,28.3,28.8,30.3,33.2,29.7,30.8,30.6,30.6
Building 5,Electricity,KWh,Meter 1,13/01/2014,38.2,37.5,37.7,37.5,43.1,44.4,45,44.8,44.4,44.9,40.7,39.7,39.5,41.3,46.8,56.5,62.4,63.3,64.8,63.2,69.1,78.2,77.3,78.6,77,73.2,76.6,76.7,76.6,78.5,78.7,72.3,74,67.4,62.6,61.3,44.7,40.6,37,35.3,35.8,35.3,35.3,34.6,35.2,35.6,35.9,34.8
Building 5,Electricity,KWh,Meter 1,14/01/2014,39,40.1,40.3,44,44.2,44.5,46.3,45,45.4,43.6,46.1,45.2,47.1,46.9,60.5,63.5,73.1,71.6,71.6,77.6,88.8,86.5,81.7,86.8,91.3,86.3,87.9,89.6,89.7,86.6,83.4,81.8,76.7,80.7,70.4,58.9,52.9,46,34.9,32.6,36,36.4,30.7,30.8,30.5,28.1,28.7,27.4
Building 5,Electricity,KWh,Meter 1,15/01/2014,31.5,34.5,35.7,37.4,37.9,37.9,38.6,38.9,37.1,35.2,37.7,35.1,34.8,36.9,45.3,52.8,56,63.4,65.3,69.6,73.4,77.6,76.6,81.2,83.7,79.9,75.1,72.8,69.8,71.8,72,71.4,67.2,64.6,58.6,49.2,38.2,33.6,30.3,29.4,28.6,28.7,29.1,28.7,28.7,28.3,30.2,29.3
Building 5,Electricity,KWh,Meter 1,16/01/2014,37.2,35.3,35.7,36.7,42.6,44.6,42.9,38.1,35.6,35.9,34.6,33.7,41.8,44.2,54.3,60.4,60.2,61.9,69.1,74.4,65.5,66.1,69.4,77.6,73.8,79.5,80.4,70.5,75.6,78.4,79.3,82,80.5,75.4,63.5,61.9,51.4,53.3,49.5,45.6,38.7,38.7,39.5,37.6,36.8,37.5,40.2,41.4
Building 5,Electricity,KWh,Meter 1,17/01/2014,46.8,50.6,53.9,50.1,52.9,52.1,53.5,45.5,46.9,48.2,46.4,43.2,42.8,50,60,54.5,62.8,76.1,78.1,83.4,70.9,77.6,86.8,90.5,83.2,85.6,82.6,75.9,76.8,78.3,76.9,75.6,79.6,72.1,57.2,51.4,44.2,35.2,35.5,34.1,33.9,33.5,33.8,33.5,33.3,32.9,32.9,34.3
Building 5,Electricity,KWh,Meter 1,18/01/2014,37,37.3,37.2,36,40.4,42.7,41.1,42.1,44,41.2,36.5,33.9,38,42.1,48.7,65.9,63.1,58.8,71.2,79.1,80.9,69.9,70.6,78.2,86.5,87.7,84.7,87.6,80.8,85.2,87.9,82.9,81.6,79.1,80.5,68.3,56.5,46.3,46.3,43.2,42.5,42.7,42.7,39,31.3,31.9,33.8,31.8
Building 5,Electricity,KWh,Meter 1,19/01/2014,35.2,33.3,40,42.2,43,43.2,42.8,42.7,40.2,38.6,38.2,38,38.6,46.2,47.7,58,63.7,64.9,67.3,70.1,73.9,72.8,77.6,75.3,76.9,79.9,80.4,82.2,85.4,84,83.5,78.6,82.1,78.3,78.8,69.9,47.5,39.2,36.3,35.6,36.1,35.1,37.2,36,35.3,36.1,35.5,34.5
Building 5,Electricity,KWh,Meter 1,20/01/2014,39.6,40.7,42,45.7,45.5,46.6,46.1,49.2,45.1,39.7,41.1,42.8,43.6,44.6,49.3,61.2,60.4,67.5,66.2,70.2,66.7,65.6,68,71.8,68.9,67.9,66.8,67.9,68.2,65.4,67.3,65.8,64.9,62.4,58,53.2,44.9,36.8,36.8,36.1,36,36,35.7,36,35.9,36.2,36,35.3
Building 5,Electricity,KWh,Meter 1,21/01/2014,40,41.6,42.3,41.7,41.7,42.2,43.6,43.4,42.5,43.2,47.4,50.5,47.2,46.6,55.6,62.9,73.6,72.6,70.6,83,82.6,85,90.4,91.8,94.6,99.2,96,96.8,90.9,88.4,83.2,85.5,84.3,77.3,68.8,65.9,52.9,39.4,40.3,43.2,34.7,35.7,37.5,35.7,31.7,30.5,36.2,31.2
Building 5,Electricity,KWh,Meter 1,22/01/2014,37.5,39.3,39.5,38.6,43.8,43.8,44.9,44.2,44.7,44.8,41.2,43.2,44.2,43.4,47.9,62.6,68.6,70.3,73.3,78.7,81.6,91,87.6,81.2,81.3,83.8,83,82.8,80.1,80.1,79.6,77.2,76.6,74.3,65.6,49.6,41.1,39.4,38.8,35,30.7,32,34.7,33.6,34,33.9,33.8,33.6
Building 5,Electricity,KWh,Meter 1,23/01/2014,37.8,39.3,39.7,44.2,46,45,45.3,45.2,44.8,40,41.3,40.1,45.9,45.3,51.6,60.7,62,61.8,63.3,68.5,78.2,80,81.9,84.4,86.3,87.6,91,90.8,86.7,87.2,84.3,79.1,75.8,74.2,68.1,61,51.6,42.2,39.7,38.2,37.8,37.7,39.4,38.4,37,36.5,36.3,35.7
Building 5,Electricity,KWh,Meter 1,24/01/2014,40.7,42.3,46.1,47,47.3,47.2,47.2,46.8,42,41.2,45.9,54.8,47.4,45,58.4,65.1,68.9,70.8,79.4,85.4,81.7,86.8,88.1,84.9,85.6,88.7,84.2,84.4,88.6,85.7,84.5,89.1,89.1,87.7,66.1,61.9,52.3,50.4,50.7,49,46.9,51.3,49.3,46.6,46.7,46.9,45.1,43
Building 5,Electricity,KWh,Meter 1,25/01/2014,46.2,46.4,40.6,38.2,43.3,41.9,42,42,41.5,42,41.2,37.6,40.9,41.5,43,56.2,55.7,56.5,66.8,64.6,70.6,71.5,74.4,81,79.7,80.2,83.8,82.9,81.5,77.7,77.7,77.7,82.4,82.5,79.6,75.5,60.4,52.6,48.9,48.1,47.4,46.3,46.5,45,43,42.2,42.8,41.6
Building 5,Electricity,KWh,Meter 1,26/01/2014,44.4,44.8,50.8,49.7,50.5,50.5,51.5,49.9,46,50.7,51.6,46.7,52.3,52.2,64.4,68.4,69.4,72.1,73.9,72.4,71,69.4,74.5,75.5,75,73.8,74.6,77.3,79.2,82.7,83.4,82.2,78.8,75.2,77.4,67.1,51.4,41.2,41.9,41.4,40.7,40.3,41.3,41.9,41.6,41,40.6,42.4
Building 5,Electricity,KWh,Meter 1,27/01/2014,43.7,44,50,49.6,49,51.2,50.8,47.8,46,44.9,43.1,42.7,42.6,43,51.6,64.6,62.5,68.5,70.1,72,73.5,76.9,75.1,73.2,73.5,72,70.3,62.7,64,64.3,64.7,62.6,63.4,61.8,61.3,53,39.7,39.1,38.4,40.8,37.7,37.9,37.6,37.9,36.6,37.1,36.5,37.1
Building 5,Electricity,KWh,Meter 1,28/01/2014,40.5,41.2,40.9,45.4,47.1,46.1,50.8,49.8,55.2,46.6,51,54.5,56.1,53.5,56.2,64.7,76.6,77,79.1,81.9,89.1,90.6,90.7,93.4,94.8,97.5,97.7,90.1,90.5,88.2,86.2,84.5,84.7,81.6,71.8,65.8,45.4,46.3,46.9,49.6,46.6,47.8,42.3,38.1,38,38.2,40.6,36.9
Building 5,Electricity,KWh,Meter 1,29/01/2014,43.3,41.6,46.8,47,46.6,46.5,46.8,48,41.4,41,43.8,44.1,45,42.9,52.9,67.9,69.9,70.3,73.8,81.7,86.6,91.1,91.8,88,86.6,85.8,88.1,86.9,89,89.5,86.3,84.2,79.8,78.6,69.2,63.4,46.4,41,40.5,42.4,39.2,39.6,40,41.5,39.2,40.1,39.5,40
Building 5,Electricity,KWh,Meter 1,30/01/2014,41.8,42.8,47.4,48.9,48.4,48.7,50,48.4,44.4,44.2,45.3,49.4,49,47.8,54.7,69.5,74.3,75.5,82.8,85.7,85.8,88.2,88.5,89.6,92.8,92.9,86.5,84.4,90.1,87.2,84.6,82.4,80.2,79,73.3,68.9,58.5,55.1,55.4,51.3,53.5,51.9,51.4,50.4,42.5,42.2,41.5,43.2
Building 5,Electricity,KWh,Meter 1,31/01/2014,42.7,44.3,44.3,43.2,47.5,48.4,50.9,50.3,52.5,51,48.9,47.3,47.7,47,56.5,76.1,80.3,83.2,86.5,89.5,92.7,92,93.8,92.4,94.9,94.5,94.3,92.8,81.3,75.2,69.5,67.7,69.2,69.5,57.1,52.3,48.2,49.3,51.5,50.1,50.6,47.6,45.5,44.9,44,44,44.1,42.4
Building 5,Electricity,KWh,Meter 1,01/02/2014,53.3,53.7,54.3,48.1,48,48.4,49.2,49,45.9,45.8,44.5,44.4,48,48.9,50,69.4,73,75,79.6,82.8,83.9,82.3,88.7,89.2,90.4,92.9,86,83,88.8,88.7,91,85.3,84,85.1,81.7,73.4,58.7,46.6,50.5,51.3,52,49.6,49.5,49.8,44.5,44.6,41.8,34
Building 5,Electricity,KWh,Meter 1,02/02/2014,40.7,40.2,45.2,48.3,50.4,45,47.6,48.5,44.3,43.2,41.4,43.4,42,44.7,51.9,60.9,62.9,62.7,66.8,72.4,80,78.7,78.7,83.9,82.5,82.4,86.7,87.2,85,83.6,84.2,83.3,82.4,82.7,80.6,73.1,46.4,38.9,38.4,38.8,41.1,38.1,39.4,40,45.6,46.6,43.9,37.1
Building 5,Electricity,KWh,Meter 1,03/02/2014,47.5,46.4,53.9,55.8,56.5,45.9,51.4,57.5,53.8,51.7,52.1,52.2,49,55.9,56.5,69.2,68.9,67.9,65.6,70.2,70.8,68.1,67.8,69,67.1,65.6,71.1,69,68.9,71.4,72.6,56.1,69.3,68.4,67.1,63.4,55.6,48.7,46.7,34.3,44.9,47.3,45.4,47.9,39.6,32.7,36.5,36.1
Building 5,Electricity,KWh,Meter 1,04/02/2014,41.9,41.5,41.7,41.7,41.8,42,45.3,40,42.3,42.4,42.5,42,54.6,71.2,73.6,77.7,83.5,78.5,83.2,85.6,89.5,91.2,94.4,92.2,94,94.9,92,92.7,94.1,93.2,85.3,83.5,83.9,79,71.6,73.5,59.5,50.2,49.9,46.5,45.4,49.1,45.2,52.6,44,50.3,52.2,44.5
Building 5,Electricity,KWh,Meter 1,05/02/2014,39.1,41.6,51.8,54.3,57.1,57,57.2,54.8,53.2,52.2,54.8,58.9,52.1,50,60.4,69.6,81.7,86,85.3,89.9,83.2,75.5,78.7,77.2,76.5,78.6,81.2,83.2,84.4,84.4,76.3,72,71.1,69.4,63.9,56.9,43.4,40.4,40.8,39.3,39.4,41,40.6,38.4,43.5,38.9,38.5,41.2
Building 5,Electricity,KWh,Meter 1,06/02/2014,44,46.6,47.5,50.9,47.9,48.8,50.2,57.2,52.7,51.2,48.8,54.3,56.8,55.9,60.9,71.5,75.7,74.9,79.9,87.6,90.3,93.8,92.4,90.2,91.6,94.7,87.8,93.7,91.4,89.9,85.4,82.4,82.1,80.3,63.9,58,50.2,40.4,39.7,39.7,39.6,38.6,39.4,38.6,39.5,39.6,38.5,38
Building 5,Electricity,KWh,Meter 1,07/02/2014,42.2,44,48,47.7,47.5,47.8,49.9,48.5,43.6,45.2,48.4,50.4,48.3,49.2,51.5,59.8,65.8,74.5,75.1,82.6,83.6,85.6,84.5,86.3,89.7,92.4,91.4,93.9,88.3,91.2,89.9,92.7,90.4,90.9,80.6,77.2,68.8,65.5,66.8,66.8,64.5,63.5,64.3,55,50.6,49.7,46.9,46.1
Building 5,Electricity,KWh,Meter 1,08/02/2014,50.7,51.2,55,53.6,46.2,44,44.7,50,51.7,51.9,53,55.3,60.8,59.3,63.2,67.7,73.5,71.6,75.3,81.5,86.5,84.7,90.3,90.6,90.9,91,93.6,93,91.1,90.7,89.9,75.1,84.4,88,86.4,76.6,55.1,52,47.4,48.9,50.5,51.9,52,50.1,49.8,49,48.9,34.6
Building 5,Electricity,KWh,Meter 1,09/02/2014,37.8,39.2,43.4,42.4,42.7,44,44.4,43.3,38.2,39.6,38.9,38.6,39,44.5,42.9,52.6,53.9,59.5,62.8,61.2,67,66.8,68.3,73,74.9,72.2,73.5,73.9,72.6,73.4,72.5,71.7,68.8,66.6,62.3,57.4,44.8,32.9,31.6,31.9,32.1,32.1,31.5,31.3,31.3,33.7,34.2,33.7
Building 5,Electricity,KWh,Meter 1,10/02/2014,34.7,35.8,37.1,38.6,39.5,40,39.5,39.6,37.7,33.4,35,42,37,37.9,46.2,52.3,53.3,59,61,65.3,66.3,65.5,67.8,77,71.2,71.1,68.6,68.3,70.9,70.1,70.3,69.8,68.1,64.2,59.2,55.2,44.7,41.7,39.5,38.9,38.7,38.3,38.7,38.6,38.2,38,37.8,37.1
Building 5,Electricity,KWh,Meter 1,11/02/2014,41.9,45.5,45.5,45.3,47,50.1,55.7,55.6,56.6,54.9,38.4,50.8,52.3,55.2,67,69.6,70,63.8,68.4,75.9,84.6,87.4,88.8,86.7,97.5,96.9,94.9,95,90.4,91.3,86.5,84.3,81.5,80.9,72,61.7,56.3,53.4,53,51.5,50.7,46.9,45.5,44.7,46.2,39.7,43.2,43
Building 5,Electricity,KWh,Meter 1,12/02/2014,43.4,37.8,48,52.6,52.7,52.1,49.7,50.5,53,48.8,52.5,45.7,46.7,56.7,73.5,78.5,82,82.9,83.3,84.9,87.6,82.2,81.7,81.7,81.2,80.9,78.2,80.5,83.3,83.7,78.3,77.3,85.9,80.7,73.3,66.2,57.5,48.3,44.4,43.6,43.9,40.9,43.7,37.5,41,47,46.5,45.5
Building 5,Electricity,KWh,Meter 1,13/02/2014,47.4,45.8,46.4,47.5,47.8,49.9,51.5,50.3,51.4,46.9,46.6,45.2,45.9,49.7,59.7,66.7,66.8,67.6,68.3,84.4,82.3,82.4,76.4,81,89.2,85.1,84.3,86.6,84.7,85.8,82.8,80.1,76.4,70.3,69.7,62.9,58.3,55.4,52.6,50,50.4,51.3,50.1,48.9,48,42.7,40.8,39.9
Building 5,Electricity,KWh,Meter 1,14/02/2014,44.3,43,46.7,47.1,48.8,51.9,47,49.7,44.7,47.5,45.6,50.7,50.1,56,51.2,50.6,55.1,58.8,61.6,73.7,73.8,75.4,72.8,79.8,80.7,81.9,80.2,80.9,79.3,73.8,71.3,72.2,73.3,67.9,59.4,54.3,48.2,47,46.9,46.6,38.4,31.1,30.2,30.6,32.7,34.4,44.7,35
Building 5,Electricity,KWh,Meter 1,15/02/2014,37.3,49,43.2,57.3,52.5,50.4,49.8,52.5,49.2,41.3,43.4,48,50.2,53.2,49.6,59.2,64.9,68,67.7,79,82.4,82.3,76,79,79.3,80,83.7,84.3,83.3,82.2,85,83.6,79.4,78,72.3,68.5,52.4,40.4,39.6,39.6,39.8,39.5,39.3,39.5,36.6,36,35.6,35.2
Building 5,Electricity,KWh,Meter 1,16/02/2014,39.8,41,44.7,45.8,45.7,45.6,47.7,45.9,42.5,41.7,41.4,42,41.6,43,52.7,59.4,64.1,66.4,67.2,68.5,77.4,76.9,77.6,79.6,80.1,81.5,81.9,87,86.1,82.8,88,83.6,81.9,79.8,75.6,68.4,49.4,40.7,39,38.1,37.6,36.9,36.9,35.3,35.5,34.9,35.3,34.6
Building 5,Electricity,KWh,Meter 1,17/02/2014,39.3,40.8,45.3,46.2,45.2,47.5,50.3,47.4,39,39.9,47.3,47,49.7,54.6,57.9,66.6,69.6,71.1,69.8,71.4,74.9,72.6,63.7,63.5,64.6,62.5,59.9,59.1,58.6,59.5,58.2,58.4,55.2,55.2,50.3,43.6,34.2,32.6,33.6,33.8,32.5,32.6,31.6,34,38.8,34.6,34.8,32.9
Building 5,Electricity,KWh,Meter 1,18/02/2014,34.4,35.7,33.2,30.3,31.2,31.2,32.4,31.1,32.8,30.9,30.5,30.5,36.8,40.7,48.1,54,61.4,63.4,61.1,67.6,75.1,80.6,81.4,83.5,83.3,84.3,82.4,86.2,87.1,90.1,89.2,86.3,83,81.2,73.7,63,53.9,47.6,47.8,45,45.2,45.9,43.2,44,36,36,35.5,35.7
Building 5,Electricity,KWh,Meter 1,19/02/2014,39.4,40.6,44.7,45.4,45.2,44.8,44.5,44.8,39.4,39,42.4,45.8,45.8,43.4,50.4,60.4,68,73,73.2,78.1,80,81.8,84.2,85.6,85.7,89.4,89.9,87.1,88.8,89.6,85.4,82.1,93.4,91.1,78.4,80.8,63.8,51,43.4,44.5,42.7,41.3,35.4,32,30.6,31.7,33,30.5
Building 5,Electricity,KWh,Meter 1,20/02/2014,37.3,38.2,37.9,41,42.4,42.6,43,42.8,42.2,38,41.8,42.8,42.3,45.1,50.9,55.5,57.2,63.5,65.1,69.6,75.8,80.4,87.4,83.8,86.7,87.9,88.5,87.1,87.2,87.7,84.5,82.1,79.5,72.4,68.4,61.7,52.2,48.7,46.3,46.2,39.1,38.1,37.9,38.3,37.6,37.7,38.1,38.4
Building 5,Electricity,KWh,Meter 1,22/02/2014,36.3,36.5,41.2,43.7,45.5,37.7,45.3,48.3,35.9,35.3,35.8,37.8,41.5,41.4,43.9,52.6,62.4,57.2,60.4,65.5,67.3,70.6,74.8,82,82.4,86.6,83.2,81.6,78.5,70.3,80.7,81.7,82.5,82.1,76,72.8,56.3,35.9,46.9,46.7,47,48.2,48.3,48.3,48,43.2,32.5,31.2
Building 5,Electricity,KWh,Meter 1,23/02/2014,31.1,31.4,36.3,36.5,36.6,36.4,37,36.6,31,31.3,33.6,33,36.7,38.7,38.6,49.6,51.1,55.1,53.7,56,66,65.7,66.1,70.5,70.1,71.5,70.3,70.3,71.3,69.1,68.1,69,65.9,64.4,60.6,56.1,42.7,33.8,32.7,33.2,34.2,33,36.7,42.5,42.3,45.1,39.5,32.4
Building 5,Electricity,KWh,Meter 1,24/02/2014,31.6,32.1,35.2,35.8,35.1,35.3,39.4,41.1,34.5,37,34.5,33.2,34.3,33.2,40.3,48.5,45.9,52.6,53.8,56,55,56.9,56.1,60.9,59.8,65.9,70.7,67.1,67.8,65.9,65.2,66.1,67.4,64.4,60.8,44.6,44.7,41.2,46.1,46.5,46.1,45.5,45.9,45.7,45.9,36.2,29.5,29
Building 5,Electricity,KWh,Meter 1,25/02/2014,32.7,33.9,33.7,34.4,37.8,46.1,47.6,43.5,50.4,46.1,50.1,47.7,47.5,47.9,56.6,58.3,67.7,76.9,80.3,68.6,88.2,90.1,92.1,80.6,89.1,85.3,74.3,87.1,82.3,74.4,79.6,78.5,84.6,80.8,69.6,56.7,47.6,41.4,36.2,35.8,35.4,35.8,34.6,36.1,35.5,35.5,37.2,38.1
Building 5,Electricity,KWh,Meter 1,26/02/2014,39.2,41.4,33.4,44.9,44.6,44.7,48.8,44.6,44.7,49.9,42.5,46,45,44.2,53.3,62.8,72.2,69.3,75,78.5,79.7,81.9,83.7,78.3,87.6,89.7,87.9,86.8,84.4,86.6,84.7,81.3,79.2,76.3,62.2,48.1,42.3,49.6,42.9,45.7,45.5,45.1,45.6,46,44,45,45,30.8
Building 5,Electricity,KWh,Meter 1,27/02/2014,43.9,49.9,53.9,54.8,49.5,41.3,38.8,39.8,35.1,35.4,46.9,47.9,44.9,43.7,52,60.5,63.7,66.2,65.4,72.3,73.3,78.1,75.5,77.4,81.1,83,77.9,77,77.4,71.4,82.5,80.6,77.1,72.3,64.8,59.2,56.1,52.5,50.1,50.3,52.4,53.1,50.5,46.9,37.9,36.3,38.7,28.3
Building 5,Electricity,KWh,Meter 1,28/02/2014,41.7,46.8,50.1,54.3,53.2,51.7,42.7,43.4,43.1,39.3,39.1,45,42.8,43.5,49.4,53.9,57.5,60.2,61.2,69.8,73.9,74.6,80,79,80.4,75.3,76.4,76.7,75.3,80.2,78.7,76.6,68.9,65.9,55,50,42.2,37.8,38.7,38.3,36.8,38.3,36.9,37.5,36.8,36.2,35.8,35.5
Building 5,Electricity,KWh,Meter 1,01/03/2014,40.2,40.7,39.7,39.6,45.6,45.3,45.8,46.4,45.9,45.6,40.4,41.3,46.2,46.8,45.3,55.3,62.4,64.9,64.7,67.4,67.3,71,70.1,71.9,73.4,76.2,77,76.2,73.9,68.7,80.3,73.6,73.9,62.7,66.2,63.6,42.6,40.5,37.5,38.7,37.7,47.7,41.7,40.5,38.4,37.3,37.1,36.6
Building 5,Electricity,KWh,Meter 1,02/03/2014,40.4,42.6,45.4,48.9,46.2,43.9,44.8,46.3,40.6,39.2,40.2,43.9,50.1,55.2,55.9,68.1,74.3,70.6,75.8,70,70.8,78.7,78.9,67.5,65.1,65.3,64.8,65.7,63.7,64,63.4,60.8,58.8,57.8,56.2,53.6,41.2,35,35.6,36.3,35.5,35.6,34.8,35.3,34.8,35.9,34.5,34.1
Building 5,Electricity,KWh,Meter 1,03/03/2014,39.6,40.4,46,46,45.8,46.3,47.5,47.7,41.7,41.1,45.6,49.2,46.3,47.9,52,63.7,67.7,57.7,66.9,76.7,75.2,75,73.4,79.8,72.4,74.2,72.6,63.9,67.7,66.3,65.1,66,63.4,62.7,60.5,54.8,46.9,37.8,37.2,37.5,37,37.4,36.9,37.2,37.1,36.4,36.3,37
Building 5,Electricity,KWh,Meter 1,04/03/2014,41,42.6,41.8,42.2,41.7,41.3,34.8,45.5,36.5,43.4,39.2,50.2,46.8,45,56.7,56.6,62.6,61.1,63.4,68.1,73.1,78.7,82.4,78.4,79.8,82.2,83.3,84,82.5,79.3,78.1,81.1,78.2,74.2,59.8,52.1,53.1,50.4,49.4,44.5,39.7,37.6,36.9,37.7,37.4,37.7,37.3,37.7
Building 5,Electricity,KWh,Meter 1,05/03/2014,40.9,42,46.5,47.3,47,46.7,46.5,46.5,40.9,41.1,41,42,43.7,45.7,45.4,56.1,68.7,71.7,72.6,75.8,80.3,78.4,78.4,79.2,81.3,85.4,86.9,76.7,89.2,82.7,84.2,78.6,85.5,78.6,63.7,64.3,54.9,54.3,56.8,49.8,58.1,53.8,52.9,58.5,56.5,56.5,40.8,39
